"";"Sample_names";"D0";"D1";"D2";"sd.D0";"sd.D1";"sd.D2"
"CYCLUS1_BEKKEN_0_0h_SYBR_START_rep1.fcs";"CYCLUS1_BEKKEN_0_0h_SYBR_START_rep1.fcs";10072,59;2105,09458377074;1269,14374133682;262,148508107581;44,6515664622425;26,2862799385457
"CYCLUS1_BEKKEN_0_0h_SYBR_START_rep2.fcs";"CYCLUS1_BEKKEN_0_0h_SYBR_START_rep2.fcs";10419,69;2128,34713078949;1278,00228113754;157,767742282922;17,1224520725126;9,43724200351123
"CYCLUS1_BEKKEN_0_0h_SYBR_START_rep3.fcs";"CYCLUS1_BEKKEN_0_0h_SYBR_START_rep3.fcs";10196,64;2074,49148215983;1236,93168718187;249,471219367945;42,6018832569553;25,2430222389416
"CYCLUS1_BEKKEN_0_10h_SYBR_START_rep1.fcs";"CYCLUS1_BEKKEN_0_10h_SYBR_START_rep1.fcs";7363,99;1594,97619661252;927,65663254418;161,782838297753;35,1097400035532;20,5795917658441
"CYCLUS1_BEKKEN_0_10h_SYBR_START_rep2.fcs";"CYCLUS1_BEKKEN_0_10h_SYBR_START_rep2.fcs";7072,62;1548,93090735843;904,569625246905;111,538350518392;25,0777194725072;14,5115011237897
"CYCLUS1_BEKKEN_0_10h_SYBR_START_rep3.fcs";"CYCLUS1_BEKKEN_0_10h_SYBR_START_rep3.fcs";7114,68;1568,55727522578;913,334362316607;120,649829731092;21,7317722162191;12,3996146511992
"CYCLUS1_BEKKEN_0_2h_SYBR_START_rep1.fcs";"CYCLUS1_BEKKEN_0_2h_SYBR_START_rep1.fcs";10472,27;2340,21969275637;1494,65977633369;178,545970935705;14,5745981959369;8,71751498957561
"CYCLUS1_BEKKEN_0_2h_SYBR_START_rep2.fcs";"CYCLUS1_BEKKEN_0_2h_SYBR_START_rep2.fcs";9963,09;2215,47746193577;1409,54333401665;338,276621459809;65,9638258703264;41,136361848283
"CYCLUS1_BEKKEN_0_2h_SYBR_START_rep3.fcs";"CYCLUS1_BEKKEN_0_2h_SYBR_START_rep3.fcs";10141,6;2247,11153262749;1428,32631675186;225,161490867548;32,5606978959094;20,4001815115449
"CYCLUS1_BEKKEN_0_4h_SYBR_START_rep1.fcs";"CYCLUS1_BEKKEN_0_4h_SYBR_START_rep1.fcs";9700,28;2045,2784198153;1240,25927413431;227,150467640934;39,8411327509483;23,7656465694275
"CYCLUS1_BEKKEN_0_4h_SYBR_START_rep2.fcs";"CYCLUS1_BEKKEN_0_4h_SYBR_START_rep2.fcs";9428,79;2052,87545449839;1260,51770623247;123,059671408926;18,4969897738312;10,9852798236105
"CYCLUS1_BEKKEN_0_4h_SYBR_START_rep3.fcs";"CYCLUS1_BEKKEN_0_4h_SYBR_START_rep3.fcs";9463,61;2041,82691987929;1245,48786651309;123,031399047215;11,140430362479;5,97685198446583
"CYCLUS1_BEKKEN_0_6h_SYBR_START_rep1.fcs";"CYCLUS1_BEKKEN_0_6h_SYBR_START_rep1.fcs";8285,7;1826,79811275632;1075,64378689827;89,4538422818713;8,53070546535324;4,87897819171914
"CYCLUS1_BEKKEN_0_6h_SYBR_START_rep2.fcs";"CYCLUS1_BEKKEN_0_6h_SYBR_START_rep2.fcs";8110,46;1800,42934168682;1058,20163297533;78,5262511598008;10,8042237537716;6,07704680724142
"CYCLUS1_BEKKEN_0_6h_SYBR_START_rep3.fcs";"CYCLUS1_BEKKEN_0_6h_SYBR_START_rep3.fcs";7533,22;1682,29243719206;993,148639341205;199,071205980436;44,380498947391;27,1651763285957
"CYCLUS1_BEKKEN_10_A_SYBR_OPERATION_rep1.fcs";"CYCLUS1_BEKKEN_10_A_SYBR_OPERATION_rep1.fcs";9733,15;2227,79212535788;1269,7184217403;315,85002754312;67,9433922076034;40,325893728072
"CYCLUS1_BEKKEN_10_A_SYBR_OPERATION_rep2.fcs";"CYCLUS1_BEKKEN_10_A_SYBR_OPERATION_rep2.fcs";10789,28;2369,86809429864;1337,22379657975;264,223699225341;43,8787648934308;25,801110738307
"CYCLUS1_BEKKEN_10_A_SYBR_OPERATION_rep3.fcs";"CYCLUS1_BEKKEN_10_A_SYBR_OPERATION_rep3.fcs";10710,7;2404,96161850257;1375,19437071424;203,396487956728;26,3774625724094;15,2426969057431
"CYCLUS1_BEKKEN_10_B_SYBR_OPERATION_rep1.fcs";"CYCLUS1_BEKKEN_10_B_SYBR_OPERATION_rep1.fcs";10763,4;2450,44099390498;1419,39530970698;294,585550332406;57,6645757733912;33,5352675906178
"CYCLUS1_BEKKEN_10_B_SYBR_OPERATION_rep2.fcs";"CYCLUS1_BEKKEN_10_B_SYBR_OPERATION_rep2.fcs";11733,67;2589,80128833976;1488,59391039117;224,587255770548;27,0408549701286;16,5053134213306
"CYCLUS1_BEKKEN_10_B_SYBR_OPERATION_rep3.fcs";"CYCLUS1_BEKKEN_10_B_SYBR_OPERATION_rep3.fcs";10664,01;2334,57082799595;1344,29687564289;427,103386698458;81,8154585309156;46,8025484399648
"CYCLUS1_BEKKEN_11_A_SYBR_OPERATION_rep1.fcs";"CYCLUS1_BEKKEN_11_A_SYBR_OPERATION_rep1.fcs";10701,95;2383,61023965245;1356,04114601593;280,197526827779;49,6281406909181;29,1059706599767
"CYCLUS1_BEKKEN_11_A_SYBR_OPERATION_rep2.fcs";"CYCLUS1_BEKKEN_11_A_SYBR_OPERATION_rep2.fcs";10899,52;2396,54112272451;1374,2378057979;274,781216184216;54,9032197261424;32,2527234294641
"CYCLUS1_BEKKEN_11_A_SYBR_OPERATION_rep3.fcs";"CYCLUS1_BEKKEN_11_A_SYBR_OPERATION_rep3.fcs";11296,14;2489,48538626964;1428,97129272675;233,578486798227;28,9100870199013;15,650741998076
"CYCLUS1_BEKKEN_11_B_SYBR_OPERATION_rep1.fcs";"CYCLUS1_BEKKEN_11_B_SYBR_OPERATION_rep1.fcs";10530,52;2332,96319316153;1313,39630791525;338,284217363405;66,9747392606627;38,2821891769751
"CYCLUS1_BEKKEN_11_B_SYBR_OPERATION_rep2.fcs";"CYCLUS1_BEKKEN_11_B_SYBR_OPERATION_rep2.fcs";11182,47;2497,94112853402;1429,91100936478;213,52332709126;26,1887283723367;14,7096620796815
"CYCLUS1_BEKKEN_11_B_SYBR_OPERATION_rep3.fcs";"CYCLUS1_BEKKEN_11_B_SYBR_OPERATION_rep3.fcs";10420,09;2303,24667071024;1316,98241965304;512,326188215392;100,425260421211;58,8277179578729
"CYCLUS1_BEKKEN_12_A_SYBR_OPERATION_rep1.fcs";"CYCLUS1_BEKKEN_12_A_SYBR_OPERATION_rep1.fcs";10754,84;2434,77978987045;1389,5785539555;335,436658579816;62,8228275074144;36,3565266008958
"CYCLUS1_BEKKEN_12_A_SYBR_OPERATION_rep2.fcs";"CYCLUS1_BEKKEN_12_A_SYBR_OPERATION_rep2.fcs";10698,34;2378,40636548627;1362,47723943305;323,362954594432;61,3014820763439;36,2045957574373
"CYCLUS1_BEKKEN_12_A_SYBR_OPERATION_rep3.fcs";"CYCLUS1_BEKKEN_12_A_SYBR_OPERATION_rep3.fcs";10310,95;2241,66238736234;1283,68239236425;459,508617103008;92,4319130885516;53,0720089974168
"CYCLUS1_BEKKEN_12_B_SYBR_OPERATION_rep1.fcs";"CYCLUS1_BEKKEN_12_B_SYBR_OPERATION_rep1.fcs";10216,17;2190,94682935313;1259,42340421199;660,370833301068;141,777973054483;82,6228531275618
"CYCLUS1_BEKKEN_12_B_SYBR_OPERATION_rep2.fcs";"CYCLUS1_BEKKEN_12_B_SYBR_OPERATION_rep2.fcs";10995,26;2340,1800976912;1338,31766154107;293,416297496175;49,7139083181328;27,7485702454704
"CYCLUS1_BEKKEN_12_B_SYBR_OPERATION_rep3.fcs";"CYCLUS1_BEKKEN_12_B_SYBR_OPERATION_rep3.fcs";11155,92;2460,04894763286;1418,67483255927;254,561801351009;30,4373192022008;17,9708645912972
"CYCLUS1_BEKKEN_13_A_SYBR_OPERATION_rep1.fcs";"CYCLUS1_BEKKEN_13_A_SYBR_OPERATION_rep1.fcs";10539,53;2369,157781233;1342,03274407597;501,38852563293;110,01876964436;63,7946979985569
"CYCLUS1_BEKKEN_13_A_SYBR_OPERATION_rep2.fcs";"CYCLUS1_BEKKEN_13_A_SYBR_OPERATION_rep2.fcs";10675,1;2445,60543119046;1404,5789477927;216,678251438543;25,597140047488;14,9131540814163
"CYCLUS1_BEKKEN_13_A_SYBR_OPERATION_rep3.fcs";"CYCLUS1_BEKKEN_13_A_SYBR_OPERATION_rep3.fcs";11125,54;2373,31287564973;1343,31436007645;280,259671077241;39,2122606976371;21,8667866672735
"CYCLUS1_BEKKEN_13_B_SYBR_OPERATION_rep1.fcs";"CYCLUS1_BEKKEN_13_B_SYBR_OPERATION_rep1.fcs";13743,43;2754,32714472792;1411,44610111505;195,130893908617;44,0757121138759;23,4843464663113
"CYCLUS1_BEKKEN_13_B_SYBR_OPERATION_rep2.fcs";"CYCLUS1_BEKKEN_13_B_SYBR_OPERATION_rep2.fcs";10842,93;2370,66562537387;1370,05023272088;196,313975225114;23,4375544959628;13,1780025612667
"CYCLUS1_BEKKEN_13_B_SYBR_OPERATION_rep3.fcs";"CYCLUS1_BEKKEN_13_B_SYBR_OPERATION_rep3.fcs";10302,94;2240,12156170495;1288,73205670302;415,956772715239;80,8153315630679;45,0376524953093
"CYCLUS1_BEKKEN_14_A_SYBR_OPERATION_rep1.fcs";"CYCLUS1_BEKKEN_14_A_SYBR_OPERATION_rep1.fcs";10691,04;2432,34344259546;1375,96112602266;217,628722851789;26,5357868250287;15,4078781709201
"CYCLUS1_BEKKEN_14_A_SYBR_OPERATION_rep2.fcs";"CYCLUS1_BEKKEN_14_A_SYBR_OPERATION_rep2.fcs";10320,63;2274,52968501586;1286,42599627862;450,603067392394;90,1504864903028;52,3437869800365
"CYCLUS1_BEKKEN_14_A_SYBR_OPERATION_rep3.fcs";"CYCLUS1_BEKKEN_14_A_SYBR_OPERATION_rep3.fcs";10137,9;2118,29524175773;1192,10477313486;258,495042251659;40,7149755607571;23,9507587884443
"CYCLUS1_BEKKEN_15_A_SYBR_OPERATION_rep1.fcs";"CYCLUS1_BEKKEN_15_A_SYBR_OPERATION_rep1.fcs";9172,48;2023,98190416369;1150,99416265963;185,035267181719;20,9493175431872;11,7775496708581
"CYCLUS1_BEKKEN_15_A_SYBR_OPERATION_rep2.fcs";"CYCLUS1_BEKKEN_15_A_SYBR_OPERATION_rep2.fcs";9827,48;2126,29933119621;1190,27779108598;177,964726955664;22,7391615118658;13,2626920460767
"CYCLUS1_BEKKEN_15_A_SYBR_OPERATION_rep3.fcs";"CYCLUS1_BEKKEN_15_A_SYBR_OPERATION_rep3.fcs";9576,91;2064,11804213354;1156,99692497437;176,465413957615;22,9747133391599;12,195321906063
"CYCLUS1_BEKKEN_15_B_SYBR_OPERATION_rep1.fcs";"CYCLUS1_BEKKEN_15_B_SYBR_OPERATION_rep1.fcs";9425,23;2017,50207603653;1131,86608438563;200,840247837716;27,8102913746756;14,5282672936315
"CYCLUS1_BEKKEN_15_B_SYBR_OPERATION_rep2.fcs";"CYCLUS1_BEKKEN_15_B_SYBR_OPERATION_rep2.fcs";9675,38;2091,11924323409;1186,38856312424;191,327778401043;21,2536222623502;10,2811866609632
"CYCLUS1_BEKKEN_15_B_SYBR_OPERATION_rep3.fcs";"CYCLUS1_BEKKEN_15_B_SYBR_OPERATION_rep3.fcs";8730,43;1943,19054112522;1095,58308148058;176,889982072405;33,1582744912183;19,2625216387513
"CYCLUS1_BEKKEN_16_A_SYBR_OPERATION_rep1.fcs";"CYCLUS1_BEKKEN_16_A_SYBR_OPERATION_rep1.fcs";8923,78;1940,43230894642;1085,63132016329;187,990467198674;24,2684957065611;13,4223083800002
"CYCLUS1_BEKKEN_16_A_SYBR_OPERATION_rep2.fcs";"CYCLUS1_BEKKEN_16_A_SYBR_OPERATION_rep2.fcs";9064,45;1916,87458937328;1072,18575261993;393,771080885093;71,2802484996279;39,2281123500782
"CYCLUS1_BEKKEN_16_A_SYBR_OPERATION_rep3.fcs";"CYCLUS1_BEKKEN_16_A_SYBR_OPERATION_rep3.fcs";9052,15;1947,99282934599;1087,50986014394;178,970308185803;21,2467205816984;11,1217381135359
"CYCLUS1_BEKKEN_16_B_SYBR_OPERATION_rep1.fcs";"CYCLUS1_BEKKEN_16_B_SYBR_OPERATION_rep1.fcs";8169,8;1769,14489752931;1016,06049030693;190,20361232483;33,2005869883544;19,6146501209939
"CYCLUS1_BEKKEN_16_B_SYBR_OPERATION_rep2.fcs";"CYCLUS1_BEKKEN_16_B_SYBR_OPERATION_rep2.fcs";8196,8;1726,20721576383;986,524375130542;387,267323431735;77,9132967194608;44,216707786346
"CYCLUS1_BEKKEN_16_B_SYBR_OPERATION_rep3.fcs";"CYCLUS1_BEKKEN_16_B_SYBR_OPERATION_rep3.fcs";8481,95;1813,00414394813;1034,39075657124;193,659097280752;27,0873809490987;15,4503144697937
"CYCLUS1_BEKKEN_17_A_SYBR_OPERATION_rep1.fcs";"CYCLUS1_BEKKEN_17_A_SYBR_OPERATION_rep1.fcs";7145,33;1531,20387116352;866,689765802169;162,008919507538;27,2494803216293;15,0553539790402
"CYCLUS1_BEKKEN_17_A_SYBR_OPERATION_rep2.fcs";"CYCLUS1_BEKKEN_17_A_SYBR_OPERATION_rep2.fcs";6850,63;1482,47582083433;841,681351162626;191,584496483743;42,1631917992775;24,0501338682453
"CYCLUS1_BEKKEN_17_A_SYBR_OPERATION_rep3.fcs";"CYCLUS1_BEKKEN_17_A_SYBR_OPERATION_rep3.fcs";7264,77;1550,9522422396;875,714690493482;125,923325636651;18,2700896524137;10,098377127919
"CYCLUS1_BEKKEN_17_B_SYBR_OPERATION_rep1.fcs";"CYCLUS1_BEKKEN_17_B_SYBR_OPERATION_rep1.fcs";5639,57;1226,4683717239;724,120365683796;182,959854016716;40,443933504603;24,6163323375055
"CYCLUS1_BEKKEN_17_B_SYBR_OPERATION_rep2.fcs";"CYCLUS1_BEKKEN_17_B_SYBR_OPERATION_rep2.fcs";5882,59;1265,3290362669;739,065247629501;326,137236249844;73,6582594800468;42,7877623228888
"CYCLUS1_BEKKEN_17_B_SYBR_OPERATION_rep3.fcs";"CYCLUS1_BEKKEN_17_B_SYBR_OPERATION_rep3.fcs";6227,68;1357,13947877898;795,861748874851;94,3386206891714;12,171065883166;6,73899570219835
"CYCLUS1_BEKKEN_18_A_SYBR_OPERATION_rep1.fcs";"CYCLUS1_BEKKEN_18_A_SYBR_OPERATION_rep1.fcs";6880,72;1441,82870549455;801,560660080791;138,375428425422;27,884886435909;15,6443184464267
"CYCLUS1_BEKKEN_18_A_SYBR_OPERATION_rep2.fcs";"CYCLUS1_BEKKEN_18_A_SYBR_OPERATION_rep2.fcs";6926,37;1436,23266409131;792,330626546888;127,492812631643;22,1016165895855;11,7794120264366
"CYCLUS1_BEKKEN_18_A_SYBR_OPERATION_rep3.fcs";"CYCLUS1_BEKKEN_18_A_SYBR_OPERATION_rep3.fcs";6896,47;1462,75171332302;820,17272093878;83,1016725451298;9,19956775306994;5,23373102180418
"CYCLUS1_BEKKEN_18_B_SYBR_OPERATION_rep1.fcs";"CYCLUS1_BEKKEN_18_B_SYBR_OPERATION_rep1.fcs";7320,5;1545,25729077683;844,767566436024;110,279305640384;15,6161792168312;8,16862995078891
"CYCLUS1_BEKKEN_18_B_SYBR_OPERATION_rep2.fcs";"CYCLUS1_BEKKEN_18_B_SYBR_OPERATION_rep2.fcs";7302,9;1532,40606244827;844,808234354692;103,57786316281;14,8138283382171;8,65037376673469
"CYCLUS1_BEKKEN_18_B_SYBR_OPERATION_rep3.fcs";"CYCLUS1_BEKKEN_18_B_SYBR_OPERATION_rep3.fcs";7225,74;1508,75682342732;827,554489255473;114,035402973432;17,6331644895701;9,1263924375546
"CYCLUS1_BEKKEN_19_A_SYBR_OPERATION_rep1.fcs";"CYCLUS1_BEKKEN_19_A_SYBR_OPERATION_rep1.fcs";6664,03;1458,46073802542;828,610414078809;131,954725553728;24,8986019250631;14,0639267093294
"CYCLUS1_BEKKEN_19_A_SYBR_OPERATION_rep2.fcs";"CYCLUS1_BEKKEN_19_A_SYBR_OPERATION_rep2.fcs";6846,34;1501,40355149;857,269977895852;116,446391185824;9,78162958813013;5,11677668531856
"CYCLUS1_BEKKEN_19_A_SYBR_OPERATION_rep3.fcs";"CYCLUS1_BEKKEN_19_A_SYBR_OPERATION_rep3.fcs";6725,39;1490,57619843917;849,109648855133;121,805598965704;14,6324695389652;7,18117316204939
"CYCLUS1_BEKKEN_19_B_SYBR_OPERATION_rep1.fcs";"CYCLUS1_BEKKEN_19_B_SYBR_OPERATION_rep1.fcs";7523,19;1704,68473319362;902,470431209065;192,518014111864;46,4875736702088;23,7005686162078
"CYCLUS1_BEKKEN_19_B_SYBR_OPERATION_rep2.fcs";"CYCLUS1_BEKKEN_19_B_SYBR_OPERATION_rep2.fcs";6511,26;1431,40693636079;795,26768247429;198,878299926911;45,6920227798007;25,6362602349678
"CYCLUS1_BEKKEN_19_B_SYBR_OPERATION_rep3.fcs";"CYCLUS1_BEKKEN_19_B_SYBR_OPERATION_rep3.fcs";6572,09;1429,83473801731;792,441968903269;222,055507438655;49,6891270488802;28,0215571813433
"CYCLUS1_BEKKEN_1_A_SYBR_OPERATION_rep1.fcs";"CYCLUS1_BEKKEN_1_A_SYBR_OPERATION_rep1.fcs";8734,39;1769,74935027873;1057,03744833664;93,0630170987119;12,2096864709033;7,23650607204573
"CYCLUS1_BEKKEN_1_A_SYBR_OPERATION_rep2.fcs";"CYCLUS1_BEKKEN_1_A_SYBR_OPERATION_rep2.fcs";8426,83;1728,36575771377;1037,93901378255;87,7598945470486;9,14905943015598;5,59121058533813
"CYCLUS1_BEKKEN_1_A_SYBR_OPERATION_rep3.fcs";"CYCLUS1_BEKKEN_1_A_SYBR_OPERATION_rep3.fcs";8348,67;1724,23598747266;1051,4355339236;117,069094249007;17,8013456170086;10,9438357266331
"CYCLUS1_BEKKEN_-1_A_SYBR_PRECYCLE_rep1.fcs";"CYCLUS1_BEKKEN_-1_A_SYBR_PRECYCLE_rep1.fcs";7742,18;1821,20333533886;1069,22071651746;116,231168128194;15,6950643548036;8,87306724950252
"CYCLUS1_BEKKEN_-1_A_SYBR_PRECYCLE_rep2.fcs";"CYCLUS1_BEKKEN_-1_A_SYBR_PRECYCLE_rep2.fcs";7381,28;1688,33786923328;993,201593442873;319,670603192496;75,0185971402283;44,5087745900855
"CYCLUS1_BEKKEN_-1_A_SYBR_PRECYCLE_rep3.fcs";"CYCLUS1_BEKKEN_-1_A_SYBR_PRECYCLE_rep3.fcs";7710,36;1793,11197152206;1060,2567242376;119,864529592976;17,9973370888181;10,0229138107431
"CYCLUS1_BEKKEN_1_B_SYBR_OPERATION_rep1.fcs";"CYCLUS1_BEKKEN_1_B_SYBR_OPERATION_rep1.fcs";7799,65;1626,44995924942;968,996798526405;178,7296007997;34,1543432435254;20,784470819193
"CYCLUS1_BEKKEN_1_B_SYBR_OPERATION_rep2.fcs";"CYCLUS1_BEKKEN_1_B_SYBR_OPERATION_rep2.fcs";7680,04;1593,30847648126;953,902839660676;224,700785108292;43,6256943198492;25,4631900102844
"CYCLUS1_BEKKEN_1_B_SYBR_OPERATION_rep3.fcs";"CYCLUS1_BEKKEN_1_B_SYBR_OPERATION_rep3.fcs";7725,58;1602,41446766614;959,378702195016;288,996423730974;60,6679848983609;36,3987650565658
"CYCLUS1_BEKKEN_-1_B_SYBR_PRECYCLE_rep1.fcs";"CYCLUS1_BEKKEN_-1_B_SYBR_PRECYCLE_rep1.fcs";8779,62;1946,13541492208;1136,02689187012;121,16144834747;12,5245474387176;6,94497509286844
"CYCLUS1_BEKKEN_-1_B_SYBR_PRECYCLE_rep2.fcs";"CYCLUS1_BEKKEN_-1_B_SYBR_PRECYCLE_rep2.fcs";8371,56;1877,89633147524;1095,58747372617;216,02180585779;42,5563175487064;25,444643473507
"CYCLUS1_BEKKEN_-1_B_SYBR_PRECYCLE_rep3.fcs";"CYCLUS1_BEKKEN_-1_B_SYBR_PRECYCLE_rep3.fcs";8348,27;1887,98078044458;1099,57335536841;141,373840321584;18,2670075833164;10,2975516816428
"CYCLUS1_BEKKEN_20_A_SYBR_OPERATION_rep1.fcs";"CYCLUS1_BEKKEN_20_A_SYBR_OPERATION_rep1.fcs";7222,17;1637,36427081668;882,831819803495;356,406647077195;80,9441384257866;43,7436706870264
"CYCLUS1_BEKKEN_20_A_SYBR_OPERATION_rep2.fcs";"CYCLUS1_BEKKEN_20_A_SYBR_OPERATION_rep2.fcs";7659,64;1644,30175906194;890,057440711546;126,087313021773;15,8000804458766;8,43365553168829
"CYCLUS1_BEKKEN_20_A_SYBR_OPERATION_rep3.fcs";"CYCLUS1_BEKKEN_20_A_SYBR_OPERATION_rep3.fcs";7518,11;1648,84148289335;903,420027162438;117,954613339542;18,4735199102516;10,2775086552247
"CYCLUS1_BEKKEN_20_B_SYBR_OPERATION_rep1.fcs";"CYCLUS1_BEKKEN_20_B_SYBR_OPERATION_rep1.fcs";6316,75;1426,41496675499;794,420953198151;264,617481690386;58,1251736351476;33,3458759435054
"CYCLUS1_BEKKEN_20_B_SYBR_OPERATION_rep2.fcs";"CYCLUS1_BEKKEN_20_B_SYBR_OPERATION_rep2.fcs";6998,37;1600,78612948188;901,049071081052;149,212251710796;26,5777172809148;15,0468597887762
"CYCLUS1_BEKKEN_20_B_SYBR_OPERATION_rep3.fcs";"CYCLUS1_BEKKEN_20_B_SYBR_OPERATION_rep3.fcs";6716,05;1546,91495668293;865,109063917671;116,293895807219;25,1213440679728;14,8443483049362
"CYCLUS1_BEKKEN_21_0h_SYBR_SHUTDOWN_rep1.fcs";"CYCLUS1_BEKKEN_21_0h_SYBR_SHUTDOWN_rep1.fcs";7027,39;1576,21803108184;863,691147841792;111,024057362048;11,3517488643225;5,60735359188805
"CYCLUS1_BEKKEN_21_0h_SYBR_SHUTDOWN_rep2.fcs";"CYCLUS1_BEKKEN_21_0h_SYBR_SHUTDOWN_rep2.fcs";6985,73;1520,12367055731;823,942318124739;165,043786966252;30,8564606555207;17,7382896485893
"CYCLUS1_BEKKEN_21_0h_SYBR_SHUTDOWN_rep3.fcs";"CYCLUS1_BEKKEN_21_0h_SYBR_SHUTDOWN_rep3.fcs";6703,43;1491,27009610809;818,02686882475;144,851177894326;26,7962231104498;14,6243210175244
"CYCLUS1_BEKKEN_21_10h_SYBR_SHUTDOWN_rep1.fcs";"CYCLUS1_BEKKEN_21_10h_SYBR_SHUTDOWN_rep1.fcs";7402,6;1699,70347827314;967,823671472764;107,890142405517;12,9689059814674;7,21639882029661
"CYCLUS1_BEKKEN_21_10h_SYBR_SHUTDOWN_rep2.fcs";"CYCLUS1_BEKKEN_21_10h_SYBR_SHUTDOWN_rep2.fcs";7823,43;1730,81128426806;983,000168582894;111,514301750715;12,2805892088442;6,25448512480392
"CYCLUS1_BEKKEN_21_10h_SYBR_SHUTDOWN_rep3.fcs";"CYCLUS1_BEKKEN_21_10h_SYBR_SHUTDOWN_rep3.fcs";7413,35;1692,75740796012;958,776079137313;113,806443427675;15,8998779720923;8,86969828680967
"CYCLUS1_BEKKEN_21_1h_SYBR_SHUTDOWN_rep1.fcs";"CYCLUS1_BEKKEN_21_1h_SYBR_SHUTDOWN_rep1.fcs";7747,39;1650,40273546907;889,801948542642;110,219972433458;13,449615468005;7,47723370561191
"CYCLUS1_BEKKEN_21_1h_SYBR_SHUTDOWN_rep2.fcs";"CYCLUS1_BEKKEN_21_1h_SYBR_SHUTDOWN_rep2.fcs";7569,08;1627,37246022238;890,983856791251;109,45509480046;14,790036231244;7,60931212896349
"CYCLUS1_BEKKEN_21_1h_SYBR_SHUTDOWN_rep3.fcs";"CYCLUS1_BEKKEN_21_1h_SYBR_SHUTDOWN_rep3.fcs";7076,58;1523,16732288087;833,365591000148;160,323862884166;26,7762614175405;14,0724653658311
"CYCLUS1_BEKKEN_21_2h_SYBR_SHUTDOWN_rep1.fcs";"CYCLUS1_BEKKEN_21_2h_SYBR_SHUTDOWN_rep1.fcs";6984,45;1509,53660522487;809,465967253181;197,831086760622;44,3801235824922;24,0613368555471
"CYCLUS1_BEKKEN_21_2h_SYBR_SHUTDOWN_rep2.fcs";"CYCLUS1_BEKKEN_21_2h_SYBR_SHUTDOWN_rep2.fcs";6922,51;1559,07237334859;840,93278371856;114,00155014009;19,9065544468755;10,0225386034364
"CYCLUS1_BEKKEN_21_2h_SYBR_SHUTDOWN_rep3.fcs";"CYCLUS1_BEKKEN_21_2h_SYBR_SHUTDOWN_rep3.fcs";7517,49;1663,93606476526;914,022460791355;102,423412628878;11,9462233278224;6,16407349018027
"CYCLUS1_BEKKEN_21_4h_SYBR_SHUTDOWN_rep1.fcs";"CYCLUS1_BEKKEN_21_4h_SYBR_SHUTDOWN_rep1.fcs";6797,52;1550,02570485257;863,350264398351;284,392156336736;68,1014083380622;39,0440734964056
"CYCLUS1_BEKKEN_21_4h_SYBR_SHUTDOWN_rep2.fcs";"CYCLUS1_BEKKEN_21_4h_SYBR_SHUTDOWN_rep2.fcs";7341,56;1670,54427528885;945,319946944366;100,980278102492;10,3886079385001;5,4993852689965
"CYCLUS1_BEKKEN_21_4h_SYBR_SHUTDOWN_rep3.fcs";"CYCLUS1_BEKKEN_21_4h_SYBR_SHUTDOWN_rep3.fcs";7277,55;1632,30852584446;910,462109740808;117,814472795154;15,9039329222057;8,93692071800494
"CYCLUS1_BEKKEN_21_6h_SYBR_SHUTDOWN_rep1.fcs";"CYCLUS1_BEKKEN_21_6h_SYBR_SHUTDOWN_rep1.fcs";7691,72;1772,35352860462;990,156503229111;93,9119596303696;11,4517125908528;5,9335508599687
"CYCLUS1_BEKKEN_21_6h_SYBR_SHUTDOWN_rep2.fcs";"CYCLUS1_BEKKEN_21_6h_SYBR_SHUTDOWN_rep2.fcs";7388,62;1698,47805907235;957,379363334791;247,152828849036;56,1118850180549;31,7148270513263
"CYCLUS1_BEKKEN_21_6h_SYBR_SHUTDOWN_rep3.fcs";"CYCLUS1_BEKKEN_21_6h_SYBR_SHUTDOWN_rep3.fcs";7531,81;1722,68065035413;965,960092946785;110,693652697319;16,2766502464318;9,39484322370352
"CYCLUS1_BEKKEN_21_8h_SYBR_SHUTDOWN_rep1.fcs";"CYCLUS1_BEKKEN_21_8h_SYBR_SHUTDOWN_rep1.fcs";7358,47;1669,51417757438;936,640723373451;249,068505241089;53,7698081181155;30,9644355626087
"CYCLUS1_BEKKEN_21_8h_SYBR_SHUTDOWN_rep2.fcs";"CYCLUS1_BEKKEN_21_8h_SYBR_SHUTDOWN_rep2.fcs";7523,59;1727,65925337203;969,176960571499;149,568881803804;29,089575453914;16,7975484529201
"CYCLUS1_BEKKEN_21_8h_SYBR_SHUTDOWN_rep3.fcs";"CYCLUS1_BEKKEN_21_8h_SYBR_SHUTDOWN_rep3.fcs";7555,2;1739,2012052924;986,111165820593;101,019050108623;12,0753012357921;5,58019079296923
"CYCLUS1_BEKKEN_22_A_SYBR_POSTCYCLE_rep1.fcs";"CYCLUS1_BEKKEN_22_A_SYBR_POSTCYCLE_rep1.fcs";7504,12;1668,79787023724;956,070048197573;104,238584143504;13,1562143703671;6,77478881619098
"CYCLUS1_BEKKEN_22_A_SYBR_POSTCYCLE_rep2.fcs";"CYCLUS1_BEKKEN_22_A_SYBR_POSTCYCLE_rep2.fcs";7915,29;1700,5191280525;962,590598220687;115,012278220258;15,8755925138474;8,44883658909869
"CYCLUS1_BEKKEN_22_A_SYBR_POSTCYCLE_rep3.fcs";"CYCLUS1_BEKKEN_22_A_SYBR_POSTCYCLE_rep3.fcs";7574,49;1705,431925621;971,462855021842;91,864249319473;10,6767658572512;6,16510851167908
"CYCLUS1_BEKKEN_22_B_SYBR_POSTCYCLE_rep1.fcs";"CYCLUS1_BEKKEN_22_B_SYBR_POSTCYCLE_rep1.fcs";7022,49;1572,63416522761;888,779838256236;253,751906794846;59,1788979772745;35,3546478414729
"CYCLUS1_BEKKEN_22_B_SYBR_POSTCYCLE_rep2.fcs";"CYCLUS1_BEKKEN_22_B_SYBR_POSTCYCLE_rep2.fcs";7347,39;1626,44064207645;919,264411009158;89,554102489653;11,4809307248416;5,37565775299369
"CYCLUS1_BEKKEN_22_B_SYBR_POSTCYCLE_rep3.fcs";"CYCLUS1_BEKKEN_22_B_SYBR_POSTCYCLE_rep3.fcs";7322,18;1629,500388801;918,240048362129;104,16986710235;11,9894652103115;6,4232719024143
"CYCLUS1_BEKKEN_23_A_SYBR_POSTCYCLE_rep1.fcs";"CYCLUS1_BEKKEN_23_A_SYBR_POSTCYCLE_rep1.fcs";7338,54;1656,78119898764;926,451929332237;308,417872767491;70,9518350763803;40,1205118030565
"CYCLUS1_BEKKEN_23_A_SYBR_POSTCYCLE_rep2.fcs";"CYCLUS1_BEKKEN_23_A_SYBR_POSTCYCLE_rep2.fcs";7870,76;1750,34466503105;984,350844540847;100,421648436716;12,1437035909084;6,78011315561565
"CYCLUS1_BEKKEN_23_A_SYBR_POSTCYCLE_rep3.fcs";"CYCLUS1_BEKKEN_23_A_SYBR_POSTCYCLE_rep3.fcs";7597,22;1695,52997773879;953,270124980207;97,2963379256248;12,404670513543;7,2541630284763
"CYCLUS1_BEKKEN_23_B_SYBR_POSTCYCLE_rep1.fcs";"CYCLUS1_BEKKEN_23_B_SYBR_POSTCYCLE_rep1.fcs";8229,83;1916,69831269725;1020,79244728014;233,267005940845;57,3764865942315;31,2560071464159
"CYCLUS1_BEKKEN_23_B_SYBR_POSTCYCLE_rep2.fcs";"CYCLUS1_BEKKEN_23_B_SYBR_POSTCYCLE_rep2.fcs";8878,75;2065,62538989445;1112,87364450978;110,83661421437;17,0496406255658;8,49883164007631
"CYCLUS1_BEKKEN_23_B_SYBR_POSTCYCLE_rep3.fcs";"CYCLUS1_BEKKEN_23_B_SYBR_POSTCYCLE_rep3.fcs";8771,1;2006,38893850496;1073,82467017123;105,108842096508;14,4607276121468;7,44276981282885
"CYCLUS1_BEKKEN_24_A_SYBR_POSTCYCLE_rep1.fcs";"CYCLUS1_BEKKEN_24_A_SYBR_POSTCYCLE_rep1.fcs";7649,64;1685,20577745076;952,39653859957;107,903203910456;15,1530707346563;6,9645648039857
"CYCLUS1_BEKKEN_24_A_SYBR_POSTCYCLE_rep2.fcs";"CYCLUS1_BEKKEN_24_A_SYBR_POSTCYCLE_rep2.fcs";7716,92;1712,93720676141;969,306957683903;115,989609426662;17,0353115175804;9,9316042749725
"CYCLUS1_BEKKEN_24_A_SYBR_POSTCYCLE_rep3.fcs";"CYCLUS1_BEKKEN_24_A_SYBR_POSTCYCLE_rep3.fcs";7658,89;1687,941169403;952,833132581181;111,251729756159;11,1057227565952;6,33358887498846
"CYCLUS1_BEKKEN_24_B_SYBR_POSTCYCLE_rep1.fcs";"CYCLUS1_BEKKEN_24_B_SYBR_POSTCYCLE_rep1.fcs";7242,45;1572,8380282507;877,909053263116;146,82542199992;28,3417213058864;15,9112643186472
"CYCLUS1_BEKKEN_24_B_SYBR_POSTCYCLE_rep2.fcs";"CYCLUS1_BEKKEN_24_B_SYBR_POSTCYCLE_rep2.fcs";7602,73;1658,89497574649;930,459912648275;117,702746206902;18,2558265054519;9,92679849348506
"CYCLUS1_BEKKEN_24_B_SYBR_POSTCYCLE_rep3.fcs";"CYCLUS1_BEKKEN_24_B_SYBR_POSTCYCLE_rep3.fcs";7227,63;1578,882681469;881,128431565511;149,320593003609;26,7580278678205;14,3685415922411
"CYCLUS1_BEKKEN_25_A_SYBR_POSTCYCLE_rep1.fcs";"CYCLUS1_BEKKEN_25_A_SYBR_POSTCYCLE_rep1.fcs";7582,99;1666,90645906381;915,61536993467;223,545782941005;49,8364154698793;29,1661218660804
"CYCLUS1_BEKKEN_25_A_SYBR_POSTCYCLE_rep2.fcs";"CYCLUS1_BEKKEN_25_A_SYBR_POSTCYCLE_rep2.fcs";7696,06;1709,45950678511;948,601113482698;98,1590978200619;11,2039652477872;5,93551461064111
"CYCLUS1_BEKKEN_25_A_SYBR_POSTCYCLE_rep3.fcs";"CYCLUS1_BEKKEN_25_A_SYBR_POSTCYCLE_rep3.fcs";7736,02;1690,25555690437;936,291350408571;113,701627965567;13,9387559803034;7,69785194516181
"CYCLUS1_BEKKEN_25_B_SYBR_POSTCYCLE_rep1.fcs";"CYCLUS1_BEKKEN_25_B_SYBR_POSTCYCLE_rep1.fcs";7777,31;1700,5112964175;957,155122373972;102,500228627486;11,1792752075459;6,45917096523046
"CYCLUS1_BEKKEN_25_B_SYBR_POSTCYCLE_rep2.fcs";"CYCLUS1_BEKKEN_25_B_SYBR_POSTCYCLE_rep2.fcs";7597,43;1658,58438848048;940,552326281173;203,215378355084;42,1592989722327;24,2179485192973
"CYCLUS1_BEKKEN_25_B_SYBR_POSTCYCLE_rep3.fcs";"CYCLUS1_BEKKEN_25_B_SYBR_POSTCYCLE_rep3.fcs";7713,22;1691,63225835575;951,618886850846;117,540586585866;12,0933153387269;5,35724302677548
"CYCLUS1_BEKKEN_26_A_SYBR_POSTCYCLE_rep1.fcs";"CYCLUS1_BEKKEN_26_A_SYBR_POSTCYCLE_rep1.fcs";7819,35;1735,4075429538;975,088749109928;135,832366607454;23,3123181315536;12,2692496455942
"CYCLUS1_BEKKEN_26_A_SYBR_POSTCYCLE_rep2.fcs";"CYCLUS1_BEKKEN_26_A_SYBR_POSTCYCLE_rep2.fcs";7318,88;1610,77968636502;904,805113408357;242,763686898942;48,6190879094219;27,4317585277653
"CYCLUS1_BEKKEN_26_A_SYBR_POSTCYCLE_rep3.fcs";"CYCLUS1_BEKKEN_26_A_SYBR_POSTCYCLE_rep3.fcs";7777,58;1771,31910408379;985,927047006209;103,89672222399;10,4009981397662;5,37429420512672
"CYCLUS1_BEKKEN_2_A_SYBR_OPERATION_rep1.fcs";"CYCLUS1_BEKKEN_2_A_SYBR_OPERATION_rep1.fcs";7667,09;1615,1315911929;976,587294298307;147,21845891893;26,6824859969131;16,0297368474373
"CYCLUS1_BEKKEN_2_A_SYBR_OPERATION_rep2.fcs";"CYCLUS1_BEKKEN_2_A_SYBR_OPERATION_rep2.fcs";7585,42;1595,80495420007;965,482033174007;144,183467579443;28,2162635058258;17,5447914092801
"CYCLUS1_BEKKEN_2_A_SYBR_OPERATION_rep3.fcs";"CYCLUS1_BEKKEN_2_A_SYBR_OPERATION_rep3.fcs";8007,61;1669,59339109747;1020,45458392206;113,133325744183;18,9770069981012;11,5880663948716
"CYCLUS1_BEKKEN_2_B_SYBR_OPERATION_rep1.fcs";"CYCLUS1_BEKKEN_2_B_SYBR_OPERATION_rep1.fcs";7762,58;1598,93150808193;972,982132137122;170,292154187378;31,5675335399713;19,3183267851952
"CYCLUS1_BEKKEN_2_B_SYBR_OPERATION_rep2.fcs";"CYCLUS1_BEKKEN_2_B_SYBR_OPERATION_rep2.fcs";7986,23;1670,31868400099;1020,83169690567;130,911864483806;23,296823688196;14,5297196319176
"CYCLUS1_BEKKEN_2_B_SYBR_OPERATION_rep3.fcs";"CYCLUS1_BEKKEN_2_B_SYBR_OPERATION_rep3.fcs";7564,35;1595,77859859561;972,263954751903;253,115232072411;53,4890926054372;32,8372968705124
"CYCLUS1_BEKKEN_3_A_SYBR_OPERATION_rep1.fcs";"CYCLUS1_BEKKEN_3_A_SYBR_OPERATION_rep1.fcs";7683,31;1589,36732875109;969,157514261363;73,0411112962689;7,77457865057132;5,02233243002692
"CYCLUS1_BEKKEN_3_A_SYBR_OPERATION_rep2.fcs";"CYCLUS1_BEKKEN_3_A_SYBR_OPERATION_rep2.fcs";7543,02;1589,33704175595;968,253694716759;92,8093494941935;12,4109379574211;7,4529327675092
"CYCLUS1_BEKKEN_3_A_SYBR_OPERATION_rep3.fcs";"CYCLUS1_BEKKEN_3_A_SYBR_OPERATION_rep3.fcs";7880,41;1609,10672355488;975,976964938155;94,4999700710764;11,80044781433;6,14625037670499
"CYCLUS1_BEKKEN_-3_A_SYBR_PRECYCLE_rep1.fcs";"CYCLUS1_BEKKEN_-3_A_SYBR_PRECYCLE_rep1.fcs";8076,22;1903,48547032077;1155,33378644755;103,590742927165;12,4482731621197;7,23041568068104
"CYCLUS1_BEKKEN_-3_A_SYBR_PRECYCLE_rep2.fcs";"CYCLUS1_BEKKEN_-3_A_SYBR_PRECYCLE_rep2.fcs";7986,96;1872,11065589181;1133,84770363441;132,45238671868;20,3491846851976;12,25461155373
"CYCLUS1_BEKKEN_-3_A_SYBR_PRECYCLE_rep3.fcs";"CYCLUS1_BEKKEN_-3_A_SYBR_PRECYCLE_rep3.fcs";7976,56;1870,15551422519;1138,37438303612;100,963871926266;11,8404434461652;6,78477719919015
"CYCLUS1_BEKKEN_3_B_SYBR_OPERATION_rep1.fcs";"CYCLUS1_BEKKEN_3_B_SYBR_OPERATION_rep1.fcs";7468,5;1592,3737259365;972,476980926281;95,058142760368;12,1411614592046;7,28511861633472
"CYCLUS1_BEKKEN_3_B_SYBR_OPERATION_rep2.fcs";"CYCLUS1_BEKKEN_3_B_SYBR_OPERATION_rep2.fcs";7388,9;1591,86852819082;976,064961450708;75,2342469836172;6,7228600610006;4,20933445225165
"CYCLUS1_BEKKEN_3_B_SYBR_OPERATION_rep3.fcs";"CYCLUS1_BEKKEN_3_B_SYBR_OPERATION_rep3.fcs";7468,68;1595,14083813731;971,730910320287;85,7485023575669;8,56264703197586;4,13904005946804
"CYCLUS1_BEKKEN_-3_B_SYBR_PRECYCLE_rep1.fcs";"CYCLUS1_BEKKEN_-3_B_SYBR_PRECYCLE_rep1.fcs";8018,89;1842,97217073871;1093,05516843032;92,6955367062111;10,1525217994382;6,08235230642253
"CYCLUS1_BEKKEN_-3_B_SYBR_PRECYCLE_rep2.fcs";"CYCLUS1_BEKKEN_-3_B_SYBR_PRECYCLE_rep2.fcs";7887,75;1815,65225899121;1084,71714094986;105,249235223594;11,5556554908516;6,66956233168626
"CYCLUS1_BEKKEN_-3_B_SYBR_PRECYCLE_rep3.fcs";"CYCLUS1_BEKKEN_-3_B_SYBR_PRECYCLE_rep3.fcs";7582,09;1753,71036384574;1048,75513551264;133,099347341098;27,3648174020798;16,8409611354184
"CYCLUS1_BEKKEN_4_A_SYBR_OPERATION_rep1.fcs";"CYCLUS1_BEKKEN_4_A_SYBR_OPERATION_rep1.fcs";8497,46;1759,64042953301;1059,04346441313;99,8024736034821;12,4098789641115;8,14737255226118
"CYCLUS1_BEKKEN_4_A_SYBR_OPERATION_rep2.fcs";"CYCLUS1_BEKKEN_4_A_SYBR_OPERATION_rep2.fcs";7952,71;1670,41830697626;1011,43653727387;438,470235447901;91,8564786869155;55,7180107846275
"CYCLUS1_BEKKEN_4_A_SYBR_OPERATION_rep3.fcs";"CYCLUS1_BEKKEN_4_A_SYBR_OPERATION_rep3.fcs";8407,62;1763,94768243964;1072,06672359384;95,1718042449145;10,7593522876532;5,76560605659863
"CYCLUS1_BEKKEN_4_B_SYBR_OPERATION_rep1.fcs";"CYCLUS1_BEKKEN_4_B_SYBR_OPERATION_rep1.fcs";9598,06;2039,89097379838;1258,11586809309;133,599115402624;12,1391571685071;6,84054979304275
"CYCLUS1_BEKKEN_4_B_SYBR_OPERATION_rep2.fcs";"CYCLUS1_BEKKEN_4_B_SYBR_OPERATION_rep2.fcs";9194,76;1945,02839365768;1208,66098941228;219,590349551527;41,0193016628233;25,514778484898
"CYCLUS1_BEKKEN_4_B_SYBR_OPERATION_rep3.fcs";"CYCLUS1_BEKKEN_4_B_SYBR_OPERATION_rep3.fcs";9225,12;1956,90564640874;1222,77578289609;179,672444951215;35,0555261325261;21,7436922160414
"CYCLUS1_BEKKEN_5_A_SYBR_OPERATION_rep1.fcs";"CYCLUS1_BEKKEN_5_A_SYBR_OPERATION_rep1.fcs";8885,23;1934,09019552432;1148,14384831142;222,834035038899;44,1794718325342;25,8659616492345
"CYCLUS1_BEKKEN_5_A_SYBR_OPERATION_rep2.fcs";"CYCLUS1_BEKKEN_5_A_SYBR_OPERATION_rep2.fcs";8919,77;1946,92721573874;1158,0743255658;133,749566599883;15,8845565164707;9,25169297744431
"CYCLUS1_BEKKEN_5_A_SYBR_OPERATION_rep3.fcs";"CYCLUS1_BEKKEN_5_A_SYBR_OPERATION_rep3.fcs";9242,28;1979,75336685429;1175,57050519609;137,902401441136;18,9180384424462;10,9904079461335
"CYCLUS1_BEKKEN_-5_A_SYBR_PRECYCLE_rep1.fcs";"CYCLUS1_BEKKEN_-5_A_SYBR_PRECYCLE_rep1.fcs";7943,25;1888,91946279098;1149,83851942341;107,873979506392;12,7181071107692;7,34356240297533
"CYCLUS1_BEKKEN_-5_A_SYBR_PRECYCLE_rep2.fcs";"CYCLUS1_BEKKEN_-5_A_SYBR_PRECYCLE_rep2.fcs";8055,26;1845,82796605312;1113,16914874909;132,760635214759;13,0610632972203;6,9042501476109
"CYCLUS1_BEKKEN_-5_A_SYBR_PRECYCLE_rep3.fcs";"CYCLUS1_BEKKEN_-5_A_SYBR_PRECYCLE_rep3.fcs";8103,7;1861,59275696007;1128,10733242355;118,193344426269;14,0893143109459;7,49916311294487
"CYCLUS1_BEKKEN_5_B_SYBR_OPERATION_rep1.fcs";"CYCLUS1_BEKKEN_5_B_SYBR_OPERATION_rep1.fcs";9436,41;2053,07936120505;1198,64836854083;164,320215531514;23,4751549235205;12,4340943635911
"CYCLUS1_BEKKEN_5_B_SYBR_OPERATION_rep2.fcs";"CYCLUS1_BEKKEN_5_B_SYBR_OPERATION_rep2.fcs";9362,17;2099,73516568845;1240,5570486445;166,186584624304;17,0937356527518;9,59473454283032
"CYCLUS1_BEKKEN_5_B_SYBR_OPERATION_rep3.fcs";"CYCLUS1_BEKKEN_5_B_SYBR_OPERATION_rep3.fcs";9056,78;2017,10958433041;1188,99971852297;159,15754090926;26,5908798124194;15,5411961183168
"CYCLUS1_BEKKEN_-5_B_SYBR_PRECYCLE_rep1.fcs";"CYCLUS1_BEKKEN_-5_B_SYBR_PRECYCLE_rep1.fcs";8727,26;1930,392213135;1156,18264637065;159,393079960812;22,9704505069774;13,9467575982451
"CYCLUS1_BEKKEN_-5_B_SYBR_PRECYCLE_rep2.fcs";"CYCLUS1_BEKKEN_-5_B_SYBR_PRECYCLE_rep2.fcs";7913,69;1757,78437535174;1056,67484095781;366,354597088778;79,2221096235782;48,9395189638269
"CYCLUS1_BEKKEN_-5_B_SYBR_PRECYCLE_rep3.fcs";"CYCLUS1_BEKKEN_-5_B_SYBR_PRECYCLE_rep3.fcs";8370,47;1874,80526258669;1126,83410807327;132,913540288111;13,2667698694613;7,24778415755966
"CYCLUS1_BEKKEN_6_A_SYBR_OPERATION_rep1.fcs";"CYCLUS1_BEKKEN_6_A_SYBR_OPERATION_rep1.fcs";9550,45;2157,92382536079;1220,99931041133;165,340320905615;23,1105889289185;12,2770211530868
"CYCLUS1_BEKKEN_6_A_SYBR_OPERATION_rep2.fcs";"CYCLUS1_BEKKEN_6_A_SYBR_OPERATION_rep2.fcs";9498,29;2125,45712850264;1207,66766132806;323,75097347851;66,8627419914372;37,5707501000879
"CYCLUS1_BEKKEN_6_A_SYBR_OPERATION_rep3.fcs";"CYCLUS1_BEKKEN_6_A_SYBR_OPERATION_rep3.fcs";9567,96;2141,97006405162;1216,83589588173;247,227083279868;48,0343450153059;27,0264280715179
"CYCLUS1_BEKKEN_6_B_SYBR_OPERATION_rep1.fcs";"CYCLUS1_BEKKEN_6_B_SYBR_OPERATION_rep1.fcs";9530,13;2148,91166262453;1209,00511716475;171,110139673223;19,6910741183406;9,20012757679836
"CYCLUS1_BEKKEN_6_B_SYBR_OPERATION_rep2.fcs";"CYCLUS1_BEKKEN_6_B_SYBR_OPERATION_rep2.fcs";9366,71;2115,11945168124;1200,78542007335;210,249601303985;41,6189881623809;23,8683638962674
"CYCLUS1_BEKKEN_6_B_SYBR_OPERATION_rep3.fcs";"CYCLUS1_BEKKEN_6_B_SYBR_OPERATION_rep3.fcs";9362,32;2132,06596169466;1204,54060485827;182,432324798302;23,3068219869646;13,0269366188068
"CYCLUS1_BEKKEN_7_A_SYBR_OPERATION_rep1.fcs";"CYCLUS1_BEKKEN_7_A_SYBR_OPERATION_rep1.fcs";10042,8;2251,21053898086;1261,8164088681;184,731965262915;21,3625059529856;11,9319401737152
"CYCLUS1_BEKKEN_7_A_SYBR_OPERATION_rep2.fcs";"CYCLUS1_BEKKEN_7_A_SYBR_OPERATION_rep2.fcs";9819,11;2169,87962010241;1208,10452008668;315,881958997664;58,3879618391082;31,8255335646872
"CYCLUS1_BEKKEN_7_A_SYBR_OPERATION_rep3.fcs";"CYCLUS1_BEKKEN_7_A_SYBR_OPERATION_rep3.fcs";10277,29;2269,76503550665;1261,20652302109;181,584790835098;24,1208750780308;12,9195194637322
"CYCLUS1_BEKKEN_-7_A_SYBR_PRECYCLE_rep1.fcs";"CYCLUS1_BEKKEN_-7_A_SYBR_PRECYCLE_rep1.fcs";8943,53;1939,1763876393;1124,26197890812;117,81670878397;15,4103011343789;7,55806477656015
"CYCLUS1_BEKKEN_-7_A_SYBR_PRECYCLE_rep2.fcs";"CYCLUS1_BEKKEN_-7_A_SYBR_PRECYCLE_rep2.fcs";8233,51;1821,71697905347;1088,83257646797;151,797013252314;24,4828425118313;15,2112589689978
"CYCLUS1_BEKKEN_-7_A_SYBR_PRECYCLE_rep3.fcs";"CYCLUS1_BEKKEN_-7_A_SYBR_PRECYCLE_rep3.fcs";8014;1794,23336334035;1079,87940132972;129,796110508098;13,7383419096238;7,21628211953579
"CYCLUS1_BEKKEN_7_B_SYBR_OPERATION_rep1.fcs";"CYCLUS1_BEKKEN_7_B_SYBR_OPERATION_rep1.fcs";9602,81;2185,36382337606;1219,10146650064;178,065627159645;20,227196463247;10,9333887352781
"CYCLUS1_BEKKEN_7_B_SYBR_OPERATION_rep2.fcs";"CYCLUS1_BEKKEN_7_B_SYBR_OPERATION_rep2.fcs";9409,25;2158,75300218556;1218,92706126284;221,030523738787;31,039515196038;16,9864849372503
"CYCLUS1_BEKKEN_7_B_SYBR_OPERATION_rep3.fcs";"CYCLUS1_BEKKEN_7_B_SYBR_OPERATION_rep3.fcs";8828,34;2004,93864776737;1121,1349338368;394,746567976585;95,3784363946448;53,206199028574
"CYCLUS1_BEKKEN_-7_B_SYBR_PRECYCLE_rep1.fcs";"CYCLUS1_BEKKEN_-7_B_SYBR_PRECYCLE_rep1.fcs";8103,73;1805,31936281557;1061,77128185306;114,930708593386;14,401925056587;7,69058873433375
"CYCLUS1_BEKKEN_-7_B_SYBR_PRECYCLE_rep2.fcs";"CYCLUS1_BEKKEN_-7_B_SYBR_PRECYCLE_rep2.fcs";7707,4;1705,85579697308;1011,05700457526;365,713416530352;80,4723283389673;47,4621034665806
"CYCLUS1_BEKKEN_-7_B_SYBR_PRECYCLE_rep3.fcs";"CYCLUS1_BEKKEN_-7_B_SYBR_PRECYCLE_rep3.fcs";7986,01;1814,72859248965;1085,6787395627;104,601842017889;12,4964921244444;6,54183421187696
"CYCLUS1_BEKKEN_8_A_SYBR_OPERATION_rep1.fcs";"CYCLUS1_BEKKEN_8_A_SYBR_OPERATION_rep1.fcs";9426,77;2113,68076137135;1179,77893357567;184,750984743347;26,0858081245649;14,4903786338396
"CYCLUS1_BEKKEN_8_A_SYBR_OPERATION_rep2.fcs";"CYCLUS1_BEKKEN_8_A_SYBR_OPERATION_rep2.fcs";9731,38;2209,26339373167;1221,79696839415;181,314269274165;29,4595791907324;15,3872837754525
"CYCLUS1_BEKKEN_8_A_SYBR_OPERATION_rep3.fcs";"CYCLUS1_BEKKEN_8_A_SYBR_OPERATION_rep3.fcs";9727,73;2195,67952312238;1223,94703862334;198,523481805762;28,29593551055;13,7804355881903
"CYCLUS1_BEKKEN_8_B_SYBR_OPERATION_rep1.fcs";"CYCLUS1_BEKKEN_8_B_SYBR_OPERATION_rep1.fcs";9351,77;2101,06985934436;1172,32667717776;182,981527742419;22,0854163963075;11,656594506877
"CYCLUS1_BEKKEN_8_B_SYBR_OPERATION_rep2.fcs";"CYCLUS1_BEKKEN_8_B_SYBR_OPERATION_rep2.fcs";9350,43;2106,43833438054;1169,62193123492;204,920248345102;33,5021591809943;18,965438414654
"CYCLUS1_BEKKEN_8_B_SYBR_OPERATION_rep3.fcs";"CYCLUS1_BEKKEN_8_B_SYBR_OPERATION_rep3.fcs";9451,84;2060,95276166504;1137,9506074471;176,162214043096;21,1031672485781;11,4333566507155
"CYCLUS1_BEKKEN_9_A_SYBR_OPERATION_rep1.fcs";"CYCLUS1_BEKKEN_9_A_SYBR_OPERATION_rep1.fcs";9879,59;2255,35326948575;1266,79962610978;193,32351568594;26,746255463363;15,4202108278649
"CYCLUS1_BEKKEN_9_A_SYBR_OPERATION_rep2.fcs";"CYCLUS1_BEKKEN_9_A_SYBR_OPERATION_rep2.fcs";9932,62;2228,80893567669;1247,02444349947;211,040509300126;38,8904598350676;22,7350460587478
"CYCLUS1_BEKKEN_9_A_SYBR_OPERATION_rep3.fcs";"CYCLUS1_BEKKEN_9_A_SYBR_OPERATION_rep3.fcs";9716,78;2191,65106962688;1233,88272708149;195,570317509864;28,4168054035615;16,1820507294473
"CYCLUS1_BEKKEN_9_B_SYBR_OPERATION_rep1.fcs";"CYCLUS1_BEKKEN_9_B_SYBR_OPERATION_rep1.fcs";10463,85;2552,97130678683;1521,02404518451;263,803430606958;47,7031423195468;28,3938248104102
"CYCLUS1_BEKKEN_9_B_SYBR_OPERATION_rep2.fcs";"CYCLUS1_BEKKEN_9_B_SYBR_OPERATION_rep2.fcs";10819,36;2509,88627000457;1414,99202873447;233,290061788523;36,3208470017688;19,9857710604261
"CYCLUS1_BEKKEN_9_B_SYBR_OPERATION_rep3.fcs";"CYCLUS1_BEKKEN_9_B_SYBR_OPERATION_rep3.fcs";10407,96;2359,60352786016;1310,82396873939;212,752947254924;43,1079691492775;25,2725239992843
"CYCLUS2_BEKKEN_0_0h_SYBR_START_rep1.fcs";"CYCLUS2_BEKKEN_0_0h_SYBR_START_rep1.fcs";11119,47;2530,41779729661;1467,40311369109;265,333579069477;48,0032318228702;29,2806295998046
"CYCLUS2_BEKKEN_0_0h_SYBR_START_rep2.fcs";"CYCLUS2_BEKKEN_0_0h_SYBR_START_rep2.fcs";11343,29;2552,4574856771;1473,41459504827;246,050881450618;38,2485454984099;23,0501739731387
"CYCLUS2_BEKKEN_0_0h_SYBR_START_rep3.fcs";"CYCLUS2_BEKKEN_0_0h_SYBR_START_rep3.fcs";10428,94;2384,89949774842;1371,92360868136;478,576990418026;102,03753608024;60,3116087905673
"CYCLUS2_BEKKEN_0_10h_SYBR_START_rep1.fcs";"CYCLUS2_BEKKEN_0_10h_SYBR_START_rep1.fcs";9681,64;2104,57795520606;1206,9348046691;215,283300313655;35,2098702396565;20,8064231032521
"CYCLUS2_BEKKEN_0_10h_SYBR_START_rep2.fcs";"CYCLUS2_BEKKEN_0_10h_SYBR_START_rep2.fcs";9896,08;2189,23731930444;1254,06150177723;142,887373886434;14,8486084832382;8,76813218679962
"CYCLUS2_BEKKEN_0_10h_SYBR_START_rep3.fcs";"CYCLUS2_BEKKEN_0_10h_SYBR_START_rep3.fcs";10155,41;2217,05865015306;1270,99550072938;162,881384306296;16,9872831625845;9,94130755256584
"CYCLUS2_BEKKEN_0_12h_SYBR_START_rep1.fcs";"CYCLUS2_BEKKEN_0_12h_SYBR_START_rep1.fcs";9154,52;2000,01925449275;1115,88886096262;201,562556647866;32,9866953510278;18,072963147566
"CYCLUS2_BEKKEN_0_12h_SYBR_START_rep2.fcs";"CYCLUS2_BEKKEN_0_12h_SYBR_START_rep2.fcs";9220,83;2030,76566926089;1140,94876348057;140,866729409557;14,4979464649321;7,87350568439021
"CYCLUS2_BEKKEN_0_12h_SYBR_START_rep3.fcs";"CYCLUS2_BEKKEN_0_12h_SYBR_START_rep3.fcs";8943,44;2022,92350132879;1141,70805406789;117,737966208308;14,0329052420425;7,37051390346136
"CYCLUS2_BEKKEN_0_14h_SYBR_START_rep1.fcs";"CYCLUS2_BEKKEN_0_14h_SYBR_START_rep1.fcs";9612,24;2035,23199639627;1153,91165767178;157,952947859082;13,9510873854652;6,47614003806362
"CYCLUS2_BEKKEN_0_14h_SYBR_START_rep2.fcs";"CYCLUS2_BEKKEN_0_14h_SYBR_START_rep2.fcs";9249,2;1972,25845588272;1110,76361597466;320,626407099124;66,3502423681807;37,1462385656295
"CYCLUS2_BEKKEN_0_14h_SYBR_START_rep3.fcs";"CYCLUS2_BEKKEN_0_14h_SYBR_START_rep3.fcs";9277,78;2021,10586308926;1135,88912912388;155,705210983039;23,4719235377275;12,1022099566264
"CYCLUS2_BEKKEN_0_2h_SYBR_START_rep1.fcs";"CYCLUS2_BEKKEN_0_2h_SYBR_START_rep1.fcs";12077,3;2733,23022388028;1628,45794120743;281,906478510627;49,9022706882098;29,1372063945612
"CYCLUS2_BEKKEN_0_2h_SYBR_START_rep2.fcs";"CYCLUS2_BEKKEN_0_2h_SYBR_START_rep2.fcs";12043,05;2726,13452388327;1626,17927564784;259,535808432258;47,1536627100063;27,8452668718859
"CYCLUS2_BEKKEN_0_2h_SYBR_START_rep3.fcs";"CYCLUS2_BEKKEN_0_2h_SYBR_START_rep3.fcs";12014,82;2710,21450493228;1627,27759223419;228,738321664691;30,7470107680482;18,7278006258163
"CYCLUS2_BEKKEN_0_4h_SYBR_START_rep1.fcs";"CYCLUS2_BEKKEN_0_4h_SYBR_START_rep1.fcs";11313,59;2701,01451605293;1670,08638085544;568,413405805132;121,237118665125;73,6931935421165
"CYCLUS2_BEKKEN_0_4h_SYBR_START_rep2.fcs";"CYCLUS2_BEKKEN_0_4h_SYBR_START_rep2.fcs";12220,04;2944,86725209151;1840,40168979046;229,42994441428;34,7964914984253;21,1220993149377
"CYCLUS2_BEKKEN_0_4h_SYBR_START_rep3.fcs";"CYCLUS2_BEKKEN_0_4h_SYBR_START_rep3.fcs";12571,38;3013,77077938512;1876,03092765635;222,525439698771;31,4682099572055;19,9875099180106
"CYCLUS2_BEKKEN_0_6h_SYBR_START_rep1.fcs";"CYCLUS2_BEKKEN_0_6h_SYBR_START_rep1.fcs";11735,4;2662,83553533294;1586,92245384431;226,994370953212;18,1298827149821;10,6340864696576
"CYCLUS2_BEKKEN_0_6h_SYBR_START_rep2.fcs";"CYCLUS2_BEKKEN_0_6h_SYBR_START_rep2.fcs";11642,6;2662,1280718637;1589,13134880437;169,625195860483;19,6919183088584;12,8393867871127
"CYCLUS2_BEKKEN_0_6h_SYBR_START_rep3.fcs";"CYCLUS2_BEKKEN_0_6h_SYBR_START_rep3.fcs";11556,02;2652,83568971812;1581,98326008056;204,065001527662;23,7049481215587;14,724227508567
"CYCLUS2_BEKKEN_0_8h_SYBR_START_rep1.fcs";"CYCLUS2_BEKKEN_0_8h_SYBR_START_rep1.fcs";10937,11;2364,00236681892;1378,01316563047;180,566834488429;17,2481666737752;10,3223835097632
"CYCLUS2_BEKKEN_0_8h_SYBR_START_rep2.fcs";"CYCLUS2_BEKKEN_0_8h_SYBR_START_rep2.fcs";10419,72;2231,88582489016;1306,22276241935;374,478683564825;70,7996383438257;40,861417694019
"CYCLUS2_BEKKEN_0_8h_SYBR_START_rep3.fcs";"CYCLUS2_BEKKEN_0_8h_SYBR_START_rep3.fcs";11093,88;2401,70612694621;1408,15565923768;174,168575022168;17,432360288915;10,8130148282009
"CYCLUS2_BEKKEN_10_A_SYBR_OPERATION_rep1.fcs";"CYCLUS2_BEKKEN_10_A_SYBR_OPERATION_rep1.fcs";8063,33;1763,06944696421;950,751844461828;470,797905451774;98,6234451975781;54,6097766733051
"CYCLUS2_BEKKEN_10_A_SYBR_OPERATION_rep2.fcs";"CYCLUS2_BEKKEN_10_A_SYBR_OPERATION_rep2.fcs";8518,89;1877,18522049789;1010,49204044198;221,051614019455;39,1314551497273;21,7123594471318
"CYCLUS2_BEKKEN_10_A_SYBR_OPERATION_rep3.fcs";"CYCLUS2_BEKKEN_10_A_SYBR_OPERATION_rep3.fcs";8040,48;1786,57390017382;969,528924442676;290,432018158669;62,6421688899594;35,5078486291145
"CYCLUS2_BEKKEN_10_B_SYBR_OPERATION_rep1.fcs";"CYCLUS2_BEKKEN_10_B_SYBR_OPERATION_rep1.fcs";7666,24;1736,01969273303;943,459610735716;128,932769263283;13,8609773153526;7,11094614773952
"CYCLUS2_BEKKEN_10_B_SYBR_OPERATION_rep2.fcs";"CYCLUS2_BEKKEN_10_B_SYBR_OPERATION_rep2.fcs";8059,43;1794,08003632192;985,69791000379;118,044184075029;13,6772536462521;7,10009342498436
"CYCLUS2_BEKKEN_10_B_SYBR_OPERATION_rep3.fcs";"CYCLUS2_BEKKEN_10_B_SYBR_OPERATION_rep3.fcs";7641,5;1739,93312803323;960,21770228029;125,573070200565;13,9830536742536;7,9530557541405
"CYCLUS2_BEKKEN_11_A_SYBR_OPERATION_rep1.fcs";"CYCLUS2_BEKKEN_11_A_SYBR_OPERATION_rep1.fcs";6595,71;1469,0850184519;804,17277697509;204,413588223741;42,5790208971913;23,8713347105225
"CYCLUS2_BEKKEN_11_A_SYBR_OPERATION_rep2.fcs";"CYCLUS2_BEKKEN_11_A_SYBR_OPERATION_rep2.fcs";7361,33;1600,0516124084;873,212903000745;136,852944374019;19,4976197372205;10,4985166766453
"CYCLUS2_BEKKEN_11_A_SYBR_OPERATION_rep3.fcs";"CYCLUS2_BEKKEN_11_A_SYBR_OPERATION_rep3.fcs";6916,41;1581,32368239641;862,783506157752;131,896278119658;23,0281395444391;12,6198835310971
"CYCLUS2_BEKKEN_11_B_SYBR_OPERATION_rep1.fcs";"CYCLUS2_BEKKEN_11_B_SYBR_OPERATION_rep1.fcs";7452,07;1668,32179866287;921,661693822414;131,629972255408;14,3284077724015;7,73417191565468
"CYCLUS2_BEKKEN_11_B_SYBR_OPERATION_rep2.fcs";"CYCLUS2_BEKKEN_11_B_SYBR_OPERATION_rep2.fcs";7131,1;1575,84791292438;866,988682425244;223,534396151076;47,1024850645641;26,9680247699488
"CYCLUS2_BEKKEN_11_B_SYBR_OPERATION_rep3.fcs";"CYCLUS2_BEKKEN_11_B_SYBR_OPERATION_rep3.fcs";7414,44;1665,31748893665;916,366434423472;130,364703657071;13,2591795840003;6,84105478907344
"CYCLUS2_BEKKEN_12_A_SYBR_OPERATION_rep1.fcs";"CYCLUS2_BEKKEN_12_A_SYBR_OPERATION_rep1.fcs";6997,64;1540,25486533645;839,084542673301;304,110842365813;64,320130069359;36,4228391369625
"CYCLUS2_BEKKEN_12_A_SYBR_OPERATION_rep2.fcs";"CYCLUS2_BEKKEN_12_A_SYBR_OPERATION_rep2.fcs";7105,71;1599,14800093451;875,719949530177;123,905739262644;16,558801963158;9,16673176062504
"CYCLUS2_BEKKEN_12_A_SYBR_OPERATION_rep3.fcs";"CYCLUS2_BEKKEN_12_A_SYBR_OPERATION_rep3.fcs";7193,59;1605,60215385857;877,791834725872;145,610459650383;27,1589198097352;14,5028762726279
"CYCLUS2_BEKKEN_12_B_SYBR_OPERATION_rep1.fcs";"CYCLUS2_BEKKEN_12_B_SYBR_OPERATION_rep1.fcs";6578,46;1457,09098619339;797,243506590684;393,250412933956;86,8513509556437;48,8057565628089
"CYCLUS2_BEKKEN_12_B_SYBR_OPERATION_rep2.fcs";"CYCLUS2_BEKKEN_12_B_SYBR_OPERATION_rep2.fcs";7383,24;1585,33300399797;861,597117143362;128,01105697193;12,4451507286169;6,16467154288137
"CYCLUS2_BEKKEN_12_B_SYBR_OPERATION_rep3.fcs";"CYCLUS2_BEKKEN_12_B_SYBR_OPERATION_rep3.fcs";7190,26;1565,39215159655;856,310112284163;134,064255662964;15,0532223560962;8,19101866983641
"CYCLUS2_BEKKEN_13_A_SYBR_OPERATION_rep1.fcs";"CYCLUS2_BEKKEN_13_A_SYBR_OPERATION_rep1.fcs";6934,62;1540,09238477188;855,769182303275;132,435444918296;20,1266355246398;11,2552088563305
"CYCLUS2_BEKKEN_13_A_SYBR_OPERATION_rep2.fcs";"CYCLUS2_BEKKEN_13_A_SYBR_OPERATION_rep2.fcs";7100,88;1579,25199228558;874,853439579896;121,900297063799;13,6690307338699;6,86116712129957
"CYCLUS2_BEKKEN_13_A_SYBR_OPERATION_rep3.fcs";"CYCLUS2_BEKKEN_13_A_SYBR_OPERATION_rep3.fcs";6826,2;1520,77182802071;834,779628590266;195,46613543274;36,8994759600571;20,6496038631078
"CYCLUS2_BEKKEN_13_B_SYBR_OPERATION_rep1.fcs";"CYCLUS2_BEKKEN_13_B_SYBR_OPERATION_rep1.fcs";6131,72;1378,96576053185;763,108963918301;287,944161253532;62,5700459886334;35,1009731514043
"CYCLUS2_BEKKEN_13_B_SYBR_OPERATION_rep2.fcs";"CYCLUS2_BEKKEN_13_B_SYBR_OPERATION_rep2.fcs";7056,47;1582,85696450672;877,063346245007;118,435888551442;13,258252090711;6,93555075617845
"CYCLUS2_BEKKEN_13_B_SYBR_OPERATION_rep3.fcs";"CYCLUS2_BEKKEN_13_B_SYBR_OPERATION_rep3.fcs";6846,84;1556,65042740842;864,581087263462;165,452164041026;29,596021184707;16,367327990318
"CYCLUS2_BEKKEN_14_A_SYBR_OPERATION_rep1.fcs";"CYCLUS2_BEKKEN_14_A_SYBR_OPERATION_rep1.fcs";7590,69;1665,91604589625;899,329026610967;134,874329460705;14,9027529077607;7,03289209731981
"CYCLUS2_BEKKEN_14_A_SYBR_OPERATION_rep2.fcs";"CYCLUS2_BEKKEN_14_A_SYBR_OPERATION_rep2.fcs";7079,3;1602,35289276597;868,807953065464;221,332808506132;38,8766115269664;21,5396557465366
"CYCLUS2_BEKKEN_14_A_SYBR_OPERATION_rep3.fcs";"CYCLUS2_BEKKEN_14_A_SYBR_OPERATION_rep3.fcs";7168,16;1634,99771809992;892,507664311034;134,750028204116;14,064186408266;6,23451949563325
"CYCLUS2_BEKKEN_15_A_SYBR_OPERATION_rep1.fcs";"CYCLUS2_BEKKEN_15_A_SYBR_OPERATION_rep1.fcs";7674,54;1651,71934935744;905,205555708864;200,596203273334;28,2718683437999;15,4130347856903
"CYCLUS2_BEKKEN_15_A_SYBR_OPERATION_rep2.fcs";"CYCLUS2_BEKKEN_15_A_SYBR_OPERATION_rep2.fcs";7460,31;1668,0140400587;919,617767411022;151,757561507648;14,647834766507;7,74025258366986
"CYCLUS2_BEKKEN_15_A_SYBR_OPERATION_rep3.fcs";"CYCLUS2_BEKKEN_15_A_SYBR_OPERATION_rep3.fcs";7871,8;1713,49734159912;936,597456235315;154,385324052606;14,5392222769376;7,80212536227807
"CYCLUS2_BEKKEN_15_B_SYBR_OPERATION_rep1.fcs";"CYCLUS2_BEKKEN_15_B_SYBR_OPERATION_rep1.fcs";7125,68;1631,12437467455;916,892140940677;303,873740393951;63,2746593975802;36,0258249102577
"CYCLUS2_BEKKEN_15_B_SYBR_OPERATION_rep2.fcs";"CYCLUS2_BEKKEN_15_B_SYBR_OPERATION_rep2.fcs";7687,89;1722,7805662433;965,447206500811;177,042532982469;27,8604558135879;15,4502688494817
"CYCLUS2_BEKKEN_15_B_SYBR_OPERATION_rep3.fcs";"CYCLUS2_BEKKEN_15_B_SYBR_OPERATION_rep3.fcs";7642,2;1732,95948492454;965,726831134513;141,571340476964;13,7486872214314;7,3719667073354
"CYCLUS2_BEKKEN_16_A_SYBR_OPERATION_rep1.fcs";"CYCLUS2_BEKKEN_16_A_SYBR_OPERATION_rep1.fcs";7900,72;1698,30130523253;959,574108019261;445,034105604857;89,6294128235273;52,3959668642024
"CYCLUS2_BEKKEN_16_A_SYBR_OPERATION_rep2.fcs";"CYCLUS2_BEKKEN_16_A_SYBR_OPERATION_rep2.fcs";7952,21;1719,41243955733;962,445508033692;389,145614121371;79,2605484361524;44,7591103101783
"CYCLUS2_BEKKEN_16_A_SYBR_OPERATION_rep3.fcs";"CYCLUS2_BEKKEN_16_A_SYBR_OPERATION_rep3.fcs";8155,27;1770,20663365804;998,159912271185;177,185849755378;19,3157716921518;10,3933116253565
"CYCLUS2_BEKKEN_16_B_SYBR_OPERATION_rep1.fcs";"CYCLUS2_BEKKEN_16_B_SYBR_OPERATION_rep1.fcs";7109,97;1546,98017550388;868,657853714289;147,072678728181;20,6491447668098;11,8127043268277
"CYCLUS2_BEKKEN_16_B_SYBR_OPERATION_rep2.fcs";"CYCLUS2_BEKKEN_16_B_SYBR_OPERATION_rep2.fcs";6873,56;1493,65317369648;833,518473394768;209,072377395721;37,3657220489069;21,0793454710122
"CYCLUS2_BEKKEN_16_B_SYBR_OPERATION_rep3.fcs";"CYCLUS2_BEKKEN_16_B_SYBR_OPERATION_rep3.fcs";7210,82;1591,68340412152;887,012117308087;130,788624285235;11,8764579237747;5,77804360105658
"CYCLUS2_BEKKEN_17_A_SYBR_OPERATION_rep1.fcs";"CYCLUS2_BEKKEN_17_A_SYBR_OPERATION_rep1.fcs";7228,45;1589,4531486036;892,145362811656;128,968352158915;11,6055983693773;5,98602117479818
"CYCLUS2_BEKKEN_17_A_SYBR_OPERATION_rep2.fcs";"CYCLUS2_BEKKEN_17_A_SYBR_OPERATION_rep2.fcs";6812,41;1507,40981389798;845,504976987521;149,181747671704;23,132886247888;12,7452897244956
"CYCLUS2_BEKKEN_17_A_SYBR_OPERATION_rep3.fcs";"CYCLUS2_BEKKEN_17_A_SYBR_OPERATION_rep3.fcs";6939,49;1511,64405347942;848,171449198556;167,886114296976;29,3799286283194;16,8767606044236
"CYCLUS2_BEKKEN_17_B_SYBR_OPERATION_rep1.fcs";"CYCLUS2_BEKKEN_17_B_SYBR_OPERATION_rep1.fcs";6645,9;1483,94852680664;848,17877742813;185,307524908944;33,2286103735193;19,0934316782255
"CYCLUS2_BEKKEN_17_B_SYBR_OPERATION_rep2.fcs";"CYCLUS2_BEKKEN_17_B_SYBR_OPERATION_rep2.fcs";6502,71;1431,61195489478;809,037932693529;224,850805529966;45,6661557423914;25,7548279210479
"CYCLUS2_BEKKEN_17_B_SYBR_OPERATION_rep3.fcs";"CYCLUS2_BEKKEN_17_B_SYBR_OPERATION_rep3.fcs";6666,5;1481,0005247839;842,752924727316;127,317744563781;16,8714288453414;9,66620015845433
"CYCLUS2_BEKKEN_18_A_SYBR_OPERATION_rep1.fcs";"CYCLUS2_BEKKEN_18_A_SYBR_OPERATION_rep1.fcs";6483,45;1388,01921553022;781,537372050591;382,402648204135;80,3200165808787;46,4964941641122
"CYCLUS2_BEKKEN_18_A_SYBR_OPERATION_rep2.fcs";"CYCLUS2_BEKKEN_18_A_SYBR_OPERATION_rep2.fcs";6473,11;1415,25811615523;791,557029439858;111,765527924863;13,9733355878488;7,60153593082354
"CYCLUS2_BEKKEN_18_A_SYBR_OPERATION_rep3.fcs";"CYCLUS2_BEKKEN_18_A_SYBR_OPERATION_rep3.fcs";6171,31;1369,39378136757;764,80623232348;119,23575619568;21,1567418581058;12,3598431667817
"CYCLUS2_BEKKEN_18_B_SYBR_OPERATION_rep1.fcs";"CYCLUS2_BEKKEN_18_B_SYBR_OPERATION_rep1.fcs";6590,32;1445,24898685915;803,298882528221;102,941277759054;12,0218069584596;5,41118668801791
"CYCLUS2_BEKKEN_18_B_SYBR_OPERATION_rep2.fcs";"CYCLUS2_BEKKEN_18_B_SYBR_OPERATION_rep2.fcs";6497,86;1448,20038090839;809,253850671151;108,020669552198;9,72534266947272;4,84326749177957
"CYCLUS2_BEKKEN_18_B_SYBR_OPERATION_rep3.fcs";"CYCLUS2_BEKKEN_18_B_SYBR_OPERATION_rep3.fcs";6377,15;1415,04974385424;797,046449020992;120,719925882393;20,4641858377224;11,6545543897801
"CYCLUS2_BEKKEN_19_A_SYBR_OPERATION_rep1.fcs";"CYCLUS2_BEKKEN_19_A_SYBR_OPERATION_rep1.fcs";6807,16;1545,52541273327;873,236674591257;109,729209392665;9,62410422550598;5,20075313656977
"CYCLUS2_BEKKEN_19_A_SYBR_OPERATION_rep2.fcs";"CYCLUS2_BEKKEN_19_A_SYBR_OPERATION_rep2.fcs";7294,18;1582,59578176882;898,043823479017;126,41748856128;11,3650771323089;5,96461686984979
"CYCLUS2_BEKKEN_19_A_SYBR_OPERATION_rep3.fcs";"CYCLUS2_BEKKEN_19_A_SYBR_OPERATION_rep3.fcs";7014,57;1555,63094835111;874,195556097635;119,011437783233;11,8105172483814;5,51903904519568
"CYCLUS2_BEKKEN_19_B_SYBR_OPERATION_rep1.fcs";"CYCLUS2_BEKKEN_19_B_SYBR_OPERATION_rep1.fcs";6689,05;1535,18248296677;869,602796333478;104,104296479322;10,1180738043635;5,7471077650094
"CYCLUS2_BEKKEN_19_B_SYBR_OPERATION_rep2.fcs";"CYCLUS2_BEKKEN_19_B_SYBR_OPERATION_rep2.fcs";6372,3;1496,27994919867;856,256132309638;97,4356560541729;14,0848386249759;8,37703302691621
"CYCLUS2_BEKKEN_19_B_SYBR_OPERATION_rep3.fcs";"CYCLUS2_BEKKEN_19_B_SYBR_OPERATION_rep3.fcs";6511,43;1503,6566977625;851,261309645532;111,876307508865;11,4962787828908;5,82037118384359
"CYCLUS2_BEKKEN_1_A_SYBR_OPERATION_rep1.fcs";"CYCLUS2_BEKKEN_1_A_SYBR_OPERATION_rep1.fcs";8303,06;1744,72931261167;982,627942522247;107,847518621094;10,3872074077178;6,1784604035949
"CYCLUS2_BEKKEN_1_A_SYBR_OPERATION_rep2.fcs";"CYCLUS2_BEKKEN_1_A_SYBR_OPERATION_rep2.fcs";8265,28;1710,51481439293;960,371479080525;233,484326902452;47,0635122637656;26,7791831014805
"CYCLUS2_BEKKEN_1_A_SYBR_OPERATION_rep3.fcs";"CYCLUS2_BEKKEN_1_A_SYBR_OPERATION_rep3.fcs";8422,86;1772,44588842083;994,779574486057;123,893161859546;19,4341596432172;10,5853049087793
"CYCLUS2_BEKKEN_-1_A_SYBR_PRECYCLE_rep1.fcs";"CYCLUS2_BEKKEN_-1_A_SYBR_PRECYCLE_rep1.fcs";10392,68;2300,18718794068;1339,9917260929;208,549627356913;31,338465508974;18,2340215207533
"CYCLUS2_BEKKEN_-1_A_SYBR_PRECYCLE_rep2.fcs";"CYCLUS2_BEKKEN_-1_A_SYBR_PRECYCLE_rep2.fcs";10391,98;2318,83581391018;1341,67752319097;167,374495721964;17,1199088827086;10,2064610900648
"CYCLUS2_BEKKEN_-1_A_SYBR_PRECYCLE_rep3.fcs";"CYCLUS2_BEKKEN_-1_A_SYBR_PRECYCLE_rep3.fcs";10266,43;2325,04076819505;1336,62699007176;185,475596968192;16,5630394524775;10,5898477177828
"CYCLUS2_BEKKEN_1_B_SYBR_OPERATION_rep1.fcs";"CYCLUS2_BEKKEN_1_B_SYBR_OPERATION_rep1.fcs";8361,86;1787,95412754066;1012,4364970026;139,777819370166;21,5866709435474;12,3539710631767
"CYCLUS2_BEKKEN_1_B_SYBR_OPERATION_rep2.fcs";"CYCLUS2_BEKKEN_1_B_SYBR_OPERATION_rep2.fcs";8278,99;1748,70568343274;979,019672486956;113,31412448623;15,6361418698315;8,32506651809699
"CYCLUS2_BEKKEN_1_B_SYBR_OPERATION_rep3.fcs";"CYCLUS2_BEKKEN_1_B_SYBR_OPERATION_rep3.fcs";8414;1744,176411999;969,705681544103;103,495473965353;10,3480097155758;5,1608911503303
"CYCLUS2_BEKKEN_-1_B_SYBR_PRECYCLE_rep1.fcs";"CYCLUS2_BEKKEN_-1_B_SYBR_PRECYCLE_rep1.fcs";10043,72;2266,08664745395;1314,93513295962;184,316870326264;26,5973802155926;16,5340577452385
"CYCLUS2_BEKKEN_-1_B_SYBR_PRECYCLE_rep2.fcs";"CYCLUS2_BEKKEN_-1_B_SYBR_PRECYCLE_rep2.fcs";10227,5;2290,84785500323;1331,95292252814;203,805091083405;17,415933519875;10,360139582065
"CYCLUS2_BEKKEN_-1_B_SYBR_PRECYCLE_rep3.fcs";"CYCLUS2_BEKKEN_-1_B_SYBR_PRECYCLE_rep3.fcs";10187,75;2291,77752415589;1323,8588563002;199,400484027254;27,4343922918069;16,501132022138
"CYCLUS2_BEKKEN_1_C_SYBR_OPERATION_rep1.fcs";"CYCLUS2_BEKKEN_1_C_SYBR_OPERATION_rep1.fcs";8424,82;1749,68067399013;992,579693194028;100,453153059503;10,7515393509963;5,47414727729071
"CYCLUS2_BEKKEN_1_C_SYBR_OPERATION_rep2.fcs";"CYCLUS2_BEKKEN_1_C_SYBR_OPERATION_rep2.fcs";8475,55;1744,61562539047;985,012639989636;97,8939206333554;10,8567058263278;5,58770275429399
"CYCLUS2_BEKKEN_1_C_SYBR_OPERATION_rep3.fcs";"CYCLUS2_BEKKEN_1_C_SYBR_OPERATION_rep3.fcs";8170,43;1690,14146656316;956,620294776118;186,630583904367;36,0928463091906;21,0234891410107
"CYCLUS2_BEKKEN_20_A_SYBR_OPERATION_rep1.fcs";"CYCLUS2_BEKKEN_20_A_SYBR_OPERATION_rep1.fcs";6708,76;1432,85359784748;799,117381690704;164,552415277739;27,0658671717964;15,0908820057603
"CYCLUS2_BEKKEN_20_A_SYBR_OPERATION_rep2.fcs";"CYCLUS2_BEKKEN_20_A_SYBR_OPERATION_rep2.fcs";6452,28;1376,92477670015;771,768130583915;226,983071499781;41,4654472879014;23,6568025631214
"CYCLUS2_BEKKEN_20_A_SYBR_OPERATION_rep3.fcs";"CYCLUS2_BEKKEN_20_A_SYBR_OPERATION_rep3.fcs";6474,85;1419,46075371506;792,874105173052;131,398182343716;21,2223470016894;12,1773767831196
"CYCLUS2_BEKKEN_20_B_SYBR_OPERATION_rep1.fcs";"CYCLUS2_BEKKEN_20_B_SYBR_OPERATION_rep1.fcs";6517,97;1485,38995946847;836,961670983499;177,204980605837;35,4582780266241;20,5047549536029
"CYCLUS2_BEKKEN_20_B_SYBR_OPERATION_rep2.fcs";"CYCLUS2_BEKKEN_20_B_SYBR_OPERATION_rep2.fcs";6641,38;1507,20708923785;853,955428354915;115,171701420448;12,6507376106284;6,83783378576987
"CYCLUS2_BEKKEN_20_B_SYBR_OPERATION_rep3.fcs";"CYCLUS2_BEKKEN_20_B_SYBR_OPERATION_rep3.fcs";6618,54;1521,63114056896;867,292553622735;132,355690043416;17,3632418481352;9,41613089138035
"CYCLUS2_BEKKEN_21_A_SYBR_OPERATION_rep1.fcs";"CYCLUS2_BEKKEN_21_A_SYBR_OPERATION_rep1.fcs";6260,35;1410,22262188198;775,467421631166;188,849968509557;40,061024596342;22,7317066000106
"CYCLUS2_BEKKEN_21_A_SYBR_OPERATION_rep2.fcs";"CYCLUS2_BEKKEN_21_A_SYBR_OPERATION_rep2.fcs";6032,42;1344,69170062884;738,696196562685;284,396976073938;63,0701518295576;35,4727226305103
"CYCLUS2_BEKKEN_21_A_SYBR_OPERATION_rep3.fcs";"CYCLUS2_BEKKEN_21_A_SYBR_OPERATION_rep3.fcs";6619,56;1464,76770128791;805,793811681442;106,540580782795;10,9108052851414;5,55394543494606
"CYCLUS2_BEKKEN_21_B_SYBR_OPERATION_rep1.fcs";"CYCLUS2_BEKKEN_21_B_SYBR_OPERATION_rep1.fcs";6960,39;1586,30137798476;877,232705869826;140,706578784118;17,8347165889852;10,1040443652457
"CYCLUS2_BEKKEN_21_B_SYBR_OPERATION_rep2.fcs";"CYCLUS2_BEKKEN_21_B_SYBR_OPERATION_rep2.fcs";6887,53;1589,79286972492;884,372267770475;125,234281862178;12,8408289854333;7,44648666721823
"CYCLUS2_BEKKEN_21_B_SYBR_OPERATION_rep3.fcs";"CYCLUS2_BEKKEN_21_B_SYBR_OPERATION_rep3.fcs";6582,48;1497,15730321296;826,032348910534;173,047344487985;33,0339061906731;18,6415672787448
"CYCLUS2_BEKKEN_22_A_SYBR_OPERATION_rep1.fcs";"CYCLUS2_BEKKEN_22_A_SYBR_OPERATION_rep1.fcs";7441,27;1669,16359302456;918,388494953888;141,098064258067;14,8982319238723;7,59562284478854
"CYCLUS2_BEKKEN_22_A_SYBR_OPERATION_rep2.fcs";"CYCLUS2_BEKKEN_22_A_SYBR_OPERATION_rep2.fcs";7016,56;1625,9108351374;898,001104245933;303,024362123582;63,692079361285;36,0436215260505
"CYCLUS2_BEKKEN_22_A_SYBR_OPERATION_rep3.fcs";"CYCLUS2_BEKKEN_22_A_SYBR_OPERATION_rep3.fcs";7503,67;1653,25592607681;906,140974404817;174,424598337077;24,6341347264777;13,2138337551877
"CYCLUS2_BEKKEN_22_B_SYBR_OPERATION_rep1.fcs";"CYCLUS2_BEKKEN_22_B_SYBR_OPERATION_rep1.fcs";7268,33;1666,47674486436;923,491563171872;121,90856442764;14,7896855735355;8,33830807931713
"CYCLUS2_BEKKEN_22_B_SYBR_OPERATION_rep2.fcs";"CYCLUS2_BEKKEN_22_B_SYBR_OPERATION_rep2.fcs";7371,59;1642,85140662134;908,482626012057;132,569028712356;15,8880502635598;8,04304656795254
"CYCLUS2_BEKKEN_22_B_SYBR_OPERATION_rep3.fcs";"CYCLUS2_BEKKEN_22_B_SYBR_OPERATION_rep3.fcs";7017,24;1578,55212482128;874,220020701245;161,783002191144;26,373676728255;14,8464964354773
"CYCLUS2_BEKKEN_23_A_SYBR_OPERATION_rep1.fcs";"CYCLUS2_BEKKEN_23_A_SYBR_OPERATION_rep1.fcs";7251,12;1585,73220429055;868,874100974495;146,97249656815;18,9394990587879;10,5486923462045
"CYCLUS2_BEKKEN_23_A_SYBR_OPERATION_rep2.fcs";"CYCLUS2_BEKKEN_23_A_SYBR_OPERATION_rep2.fcs";7077,67;1540,67484304007;844,111406926219;134,994504564542;21,5298549412473;12,6252640152938
"CYCLUS2_BEKKEN_23_A_SYBR_OPERATION_rep3.fcs";"CYCLUS2_BEKKEN_23_A_SYBR_OPERATION_rep3.fcs";7036,53;1588,14862403364;869,561746010612;130,890458866268;17,6607804160642;10,0604078531445
"CYCLUS2_BEKKEN_23_B_SYBR_OPERATION_rep1.fcs";"CYCLUS2_BEKKEN_23_B_SYBR_OPERATION_rep1.fcs";6988,74;1585,12285958314;887,873609054147;157,448764794626;22,1723232170922;12,4577367719922
"CYCLUS2_BEKKEN_23_B_SYBR_OPERATION_rep2.fcs";"CYCLUS2_BEKKEN_23_B_SYBR_OPERATION_rep2.fcs";7148,69;1645,66690688187;919,540005761859;118,111545890854;12,8363783518637;6,50008087280824
"CYCLUS2_BEKKEN_23_B_SYBR_OPERATION_rep3.fcs";"CYCLUS2_BEKKEN_23_B_SYBR_OPERATION_rep3.fcs";6914,78;1567,54262354438;867,701989559824;199,762110036064;37,7472811031744;20,7269208440591
"CYCLUS2_BEKKEN_24_A_SYBR_OPERATION_rep1.fcs";"CYCLUS2_BEKKEN_24_A_SYBR_OPERATION_rep1.fcs";6791,73;1522,10498592744;834,925862827125;187,180831650502;39,0120803345712;22,2050940304396
"CYCLUS2_BEKKEN_24_A_SYBR_OPERATION_rep2.fcs";"CYCLUS2_BEKKEN_24_A_SYBR_OPERATION_rep2.fcs";6995,28;1602,46050038623;882,861218257747;167,019993964311;29,8603184886395;16,448355234684
"CYCLUS2_BEKKEN_24_A_SYBR_OPERATION_rep3.fcs";"CYCLUS2_BEKKEN_24_A_SYBR_OPERATION_rep3.fcs";7120,16;1571,57493110077;859,600748547316;262,629120528351;52,6569324319649;29,9745822126516
"CYCLUS2_BEKKEN_24_B_SYBR_OPERATION_rep1.fcs";"CYCLUS2_BEKKEN_24_B_SYBR_OPERATION_rep1.fcs";6983,16;1544,53518347338;828,122095423307;316,394962224768;65,2096114630217;35,6865384014444
"CYCLUS2_BEKKEN_24_B_SYBR_OPERATION_rep2.fcs";"CYCLUS2_BEKKEN_24_B_SYBR_OPERATION_rep2.fcs";7183,93;1628,14380226651;880,789149804609;210,274003782366;49,038775978065;28,1364429164313
"CYCLUS2_BEKKEN_24_B_SYBR_OPERATION_rep3.fcs";"CYCLUS2_BEKKEN_24_B_SYBR_OPERATION_rep3.fcs";7080,75;1619,93455158153;891,690676066556;314,588086458172;72,8130112252466;40,8107137401005
"CYCLUS2_BEKKEN_25_A_SYBR_OPERATION_rep1.fcs";"CYCLUS2_BEKKEN_25_A_SYBR_OPERATION_rep1.fcs";8316,58;1794,02389953654;961,089917261837;176,858796612987;20,739924744364;9,72607032854004
"CYCLUS2_BEKKEN_25_A_SYBR_OPERATION_rep2.fcs";"CYCLUS2_BEKKEN_25_A_SYBR_OPERATION_rep2.fcs";7869,85;1773,55918979961;952,287354088582;212,139146969077;43,7335217996483;24,4381010309796
"CYCLUS2_BEKKEN_25_A_SYBR_OPERATION_rep3.fcs";"CYCLUS2_BEKKEN_25_A_SYBR_OPERATION_rep3.fcs";7852,25;1731,55905560281;926,988682301596;213,34239445719;37,3311418154956;20,2919431844775
"CYCLUS2_BEKKEN_25_B_SYBR_OPERATION_rep1.fcs";"CYCLUS2_BEKKEN_25_B_SYBR_OPERATION_rep1.fcs";7787,85;1794,97368276881;994,697317343333;401,247005086529;87,7074413237591;50,7446576821354
"CYCLUS2_BEKKEN_25_B_SYBR_OPERATION_rep2.fcs";"CYCLUS2_BEKKEN_25_B_SYBR_OPERATION_rep2.fcs";8405,84;1956,52884803098;1086,69622587399;177,423576946712;23,9478188445691;13,3494095055524
"CYCLUS2_BEKKEN_25_B_SYBR_OPERATION_rep3.fcs";"CYCLUS2_BEKKEN_25_B_SYBR_OPERATION_rep3.fcs";8671,61;1972,00069366961;1077,99342774566;175,345597854262;20,5249522816779;11,5565838185796
"CYCLUS2_BEKKEN_26_A_SYBR_OPERATION_rep1.fcs";"CYCLUS2_BEKKEN_26_A_SYBR_OPERATION_rep1.fcs";8727,63;1989,97070129558;1099,52685350059;153,033280529089;19,1518308096665;10,8040359472658
"CYCLUS2_BEKKEN_26_A_SYBR_OPERATION_rep2.fcs";"CYCLUS2_BEKKEN_26_A_SYBR_OPERATION_rep2.fcs";8411,73;1973,3904457276;1086,75008380553;207,041149230648;39,6072897776125;22,4547073765763
"CYCLUS2_BEKKEN_26_A_SYBR_OPERATION_rep3.fcs";"CYCLUS2_BEKKEN_26_A_SYBR_OPERATION_rep3.fcs";8738,82;1989,457393267;1101,61258287099;214,447958415758;27,4745625397179;16,0578813697235
"CYCLUS2_BEKKEN_26_B_SYBR_OPERATION_rep1.fcs";"CYCLUS2_BEKKEN_26_B_SYBR_OPERATION_rep1.fcs";8837,47;1999,74642231749;1093,47682800211;141,712217632294;16,8582883532433;9,36009560011925
"CYCLUS2_BEKKEN_26_B_SYBR_OPERATION_rep2.fcs";"CYCLUS2_BEKKEN_26_B_SYBR_OPERATION_rep2.fcs";8908,6;1994,82889381079;1085,13922710391;167,814231105756;20,1970722426674;11,8143945868739
"CYCLUS2_BEKKEN_26_B_SYBR_OPERATION_rep3.fcs";"CYCLUS2_BEKKEN_26_B_SYBR_OPERATION_rep3.fcs";8526,39;1906,40073146959;1020,23769952941;152,446970080972;26,2202308760156;14,7039824164131
"CYCLUS2_BEKKEN_27_A_SYBR_OPERATION_rep1.fcs";"CYCLUS2_BEKKEN_27_A_SYBR_OPERATION_rep1.fcs";8271,84;1814,42627449776;960,526160097814;232,702555189923;43,2006732438991;23,9977535655414
"CYCLUS2_BEKKEN_27_A_SYBR_OPERATION_rep2.fcs";"CYCLUS2_BEKKEN_27_A_SYBR_OPERATION_rep2.fcs";8594,16;1891,91594387781;994,276930259635;189,70943864529;27,3584675420213;14,1359177825268
"CYCLUS2_BEKKEN_27_A_SYBR_OPERATION_rep3.fcs";"CYCLUS2_BEKKEN_27_A_SYBR_OPERATION_rep3.fcs";8251,01;1855,10822020267;975,100822832934;201,063058353203;31,2957084518163;17,0772230594176
"CYCLUS2_BEKKEN_27_B_SYBR_OPERATION_rep1.fcs";"CYCLUS2_BEKKEN_27_B_SYBR_OPERATION_rep1.fcs";8474,6;1943,77914141015;1058,2520741809;211,298630168563;37,3241616599527;21,4983375372835
"CYCLUS2_BEKKEN_27_B_SYBR_OPERATION_rep2.fcs";"CYCLUS2_BEKKEN_27_B_SYBR_OPERATION_rep2.fcs";8941,11;2023,94183997366;1091,68061301576;147,127917613939;17,1345406811842;9,3443463882522
"CYCLUS2_BEKKEN_27_B_SYBR_OPERATION_rep3.fcs";"CYCLUS2_BEKKEN_27_B_SYBR_OPERATION_rep3.fcs";8767,27;2006,96220761377;1096,20923298736;151,201842153815;15,9011252666467;9,25347249533935
"CYCLUS2_BEKKEN_28_0h_SYBR_SHUTDOWN_rep1.fcs";"CYCLUS2_BEKKEN_28_0h_SYBR_SHUTDOWN_rep1.fcs";8937,13;2037,24261030909;1088,34793290768;172,256600641736;21,628633901477;11,733371726478
"CYCLUS2_BEKKEN_28_0h_SYBR_SHUTDOWN_rep2.fcs";"CYCLUS2_BEKKEN_28_0h_SYBR_SHUTDOWN_rep2.fcs";8801,98;2009,3985658544;1075,78406494339;135,632076597021;18,0428662656794;10,512035496778
"CYCLUS2_BEKKEN_28_0h_SYBR_SHUTDOWN_rep3.fcs";"CYCLUS2_BEKKEN_28_0h_SYBR_SHUTDOWN_rep3.fcs";8291,81;1894,67561603226;1017,81107393724;291,93595170686;54,992648045884;30,2325021684126
"CYCLUS2_BEKKEN_28_10h_SYBR_SHUTDOWN_rep1.fcs";"CYCLUS2_BEKKEN_28_10h_SYBR_SHUTDOWN_rep1.fcs";7814,7;1844,55267754471;1022,01908099938;283,547352324265;61,3709666697945;35,4007531069185
"CYCLUS2_BEKKEN_28_10h_SYBR_SHUTDOWN_rep2.fcs";"CYCLUS2_BEKKEN_28_10h_SYBR_SHUTDOWN_rep2.fcs";7954,81;1838,70500896868;1016,24882361106;312,325674851936;61,2531972729564;34,5755881497737
"CYCLUS2_BEKKEN_28_10h_SYBR_SHUTDOWN_rep3.fcs";"CYCLUS2_BEKKEN_28_10h_SYBR_SHUTDOWN_rep3.fcs";8165,96;1867,61383427305;1028,1467576818;212,773076826515;42,0442373639348;24,4826746762619
"CYCLUS2_BEKKEN_28_2h_SYBR_SHUTDOWN_rep1.fcs";"CYCLUS2_BEKKEN_28_2h_SYBR_SHUTDOWN_rep1.fcs";8286,15;1980,77441978493;1081,51028981142;173,399892523821;25,0331690836651;14,0770030874668
"CYCLUS2_BEKKEN_28_2h_SYBR_SHUTDOWN_rep2.fcs";"CYCLUS2_BEKKEN_28_2h_SYBR_SHUTDOWN_rep2.fcs";8758,75;2036,92629069937;1105,82473834145;160,055822017245;19,4161583088619;11,6789403637869
"CYCLUS2_BEKKEN_28_2h_SYBR_SHUTDOWN_rep3.fcs";"CYCLUS2_BEKKEN_28_2h_SYBR_SHUTDOWN_rep3.fcs";9006,25;2084,34946159245;1133,17197132929;139,477986025962;16,7871231062272;10,273013093081
"CYCLUS2_BEKKEN_28_4h_SYBR_SHUTDOWN_rep1.fcs";"CYCLUS2_BEKKEN_28_4h_SYBR_SHUTDOWN_rep1.fcs";8428,13;2011,14065979249;1101,06089362031;163,271828555939;22,2998370041118;12,2413080953883
"CYCLUS2_BEKKEN_28_4h_SYBR_SHUTDOWN_rep2.fcs";"CYCLUS2_BEKKEN_28_4h_SYBR_SHUTDOWN_rep2.fcs";8692,42;2034,6991336265;1105,88062384584;147,246044346725;21,1047693790044;11,8517137827492
"CYCLUS2_BEKKEN_28_4h_SYBR_SHUTDOWN_rep3.fcs";"CYCLUS2_BEKKEN_28_4h_SYBR_SHUTDOWN_rep3.fcs";8771,4;2050,80912944034;1130,34063046571;159,596903845819;22,8254615344623;12,4266636885418
"CYCLUS2_BEKKEN_28_6h_SYBR_SHUTDOWN_rep1.fcs";"CYCLUS2_BEKKEN_28_6h_SYBR_SHUTDOWN_rep1.fcs";8433,2;1959,3518418012;1082,51248343489;141,145673012321;19,7914020121701;10,6975439738135
"CYCLUS2_BEKKEN_28_6h_SYBR_SHUTDOWN_rep2.fcs";"CYCLUS2_BEKKEN_28_6h_SYBR_SHUTDOWN_rep2.fcs";8194,79;1947,30856387802;1083,23273489248;126,168741826735;16,0525405978962;9,43033806114008
"CYCLUS2_BEKKEN_28_6h_SYBR_SHUTDOWN_rep3.fcs";"CYCLUS2_BEKKEN_28_6h_SYBR_SHUTDOWN_rep3.fcs";7819,39;1839,22002902345;1014,2946713934;332,486709539197;78,0871186325483;44,5204470291697
"CYCLUS2_BEKKEN_28_8h_SYBR_SHUTDOWN_rep1.fcs";"CYCLUS2_BEKKEN_28_8h_SYBR_SHUTDOWN_rep1.fcs";8372,6;1957,02800826354;1086,67912812169;194,228491912765;40,3034851131478;23,1484176702802
"CYCLUS2_BEKKEN_28_8h_SYBR_SHUTDOWN_rep2.fcs";"CYCLUS2_BEKKEN_28_8h_SYBR_SHUTDOWN_rep2.fcs";7662,88;1836,04080286582;1018,72708319711;312,262913053547;69,3916373443763;39,6675133858068
"CYCLUS2_BEKKEN_28_8h_SYBR_SHUTDOWN_rep3.fcs";"CYCLUS2_BEKKEN_28_8h_SYBR_SHUTDOWN_rep3.fcs";8368,58;1933,82127125768;1065,97826492554;156,794350289889;24,0162601616726;13,9274275301238
"CYCLUS2_BEKKEN_29_A_SYBR_POSTCYCLE_rep1.fcs";"CYCLUS2_BEKKEN_29_A_SYBR_POSTCYCLE_rep1.fcs";8106,33;1843,99886743375;1023,75189149983;126,392930293916;14,6763821296707;8,90365978096491
"CYCLUS2_BEKKEN_29_A_SYBR_POSTCYCLE_rep2.fcs";"CYCLUS2_BEKKEN_29_A_SYBR_POSTCYCLE_rep2.fcs";7518,69;1714,76396711894;948,913507484309;176,381456170449;33,6604051958583;18,7418471663103
"CYCLUS2_BEKKEN_29_A_SYBR_POSTCYCLE_rep3.fcs";"CYCLUS2_BEKKEN_29_A_SYBR_POSTCYCLE_rep3.fcs";8109,65;1844,66588552318;1023,34249476447;163,378001004178;19,9798173860629;10,1221261170102
"CYCLUS2_BEKKEN_29_B_SYBR_POSTCYCLE_rep1.fcs";"CYCLUS2_BEKKEN_29_B_SYBR_POSTCYCLE_rep1.fcs";8140,15;1846,25440748188;1021,81292562817;136,625298617138;19,1130518635128;9,95751522661966
"CYCLUS2_BEKKEN_29_B_SYBR_POSTCYCLE_rep2.fcs";"CYCLUS2_BEKKEN_29_B_SYBR_POSTCYCLE_rep2.fcs";7947,45;1862,36357116223;1041,01138036145;121,87892443824;16,0835411463635;9,83144915898033
"CYCLUS2_BEKKEN_29_B_SYBR_POSTCYCLE_rep3.fcs";"CYCLUS2_BEKKEN_29_B_SYBR_POSTCYCLE_rep3.fcs";8289,28;1877,80430940985;1043,90450406314;130,755619073109;14,5594951953043;8,19544127178758
"CYCLUS2_BEKKEN_2_A_SYBR_OPERATION_rep1.fcs";"CYCLUS2_BEKKEN_2_A_SYBR_OPERATION_rep1.fcs";8607,58;1749,28636426135;983,027729869845;99,3877398288281;10,5641377164548;4,97828849378735
"CYCLUS2_BEKKEN_2_A_SYBR_OPERATION_rep2.fcs";"CYCLUS2_BEKKEN_2_A_SYBR_OPERATION_rep2.fcs";8324,91;1704,82454846346;957,691863299868;177,612965617816;28,6154971509814;16,4466704904428
"CYCLUS2_BEKKEN_2_A_SYBR_OPERATION_rep3.fcs";"CYCLUS2_BEKKEN_2_A_SYBR_OPERATION_rep3.fcs";8199,29;1705,15456528235;954,382168145248;136,107748092859;21,9228940993853;12,0649995694173
"CYCLUS2_BEKKEN_2_B_SYBR_OPERATION_rep1.fcs";"CYCLUS2_BEKKEN_2_B_SYBR_OPERATION_rep1.fcs";7995,48;1679,09132133369;948,285245488317;156,831665530693;29,0567195435459;16,7628427996376
"CYCLUS2_BEKKEN_2_B_SYBR_OPERATION_rep2.fcs";"CYCLUS2_BEKKEN_2_B_SYBR_OPERATION_rep2.fcs";7825,34;1605,44214710189;899,389157985388;295,098142209255;58,1217170753268;33,325997689127
"CYCLUS2_BEKKEN_2_B_SYBR_OPERATION_rep3.fcs";"CYCLUS2_BEKKEN_2_B_SYBR_OPERATION_rep3.fcs";7989,08;1679,50047731288;933,518203872457;134,114128994523;18,7815741840615;10,3289251416825
"CYCLUS2_BEKKEN_30_A_SYBR_POSTCYCLE_rep1.fcs";"CYCLUS2_BEKKEN_30_A_SYBR_POSTCYCLE_rep1.fcs";8382,71;1885,27595979706;1032,41441534426;160,912504928686;18,6866784101647;10,1441799976737
"CYCLUS2_BEKKEN_30_A_SYBR_POSTCYCLE_rep2.fcs";"CYCLUS2_BEKKEN_30_A_SYBR_POSTCYCLE_rep2.fcs";8587,31;1922,12972058928;1053,30767168505;156,623249625438;15,524047753085;8,2556168557761
"CYCLUS2_BEKKEN_30_A_SYBR_POSTCYCLE_rep3.fcs";"CYCLUS2_BEKKEN_30_A_SYBR_POSTCYCLE_rep3.fcs";8358,23;1903,00744031376;1043,21263580074;138,958670914133;16,3064632769571;8,30196669303711
"CYCLUS2_BEKKEN_30_B_SYBR_POSTCYCLE_rep1.fcs";"CYCLUS2_BEKKEN_30_B_SYBR_POSTCYCLE_rep1.fcs";8221,96;1868,77242059056;1021,6443262874;143,668664824746;14,7240734324557;7,77016945908425
"CYCLUS2_BEKKEN_30_B_SYBR_POSTCYCLE_rep2.fcs";"CYCLUS2_BEKKEN_30_B_SYBR_POSTCYCLE_rep2.fcs";8193,07;1848,22478749239;1006,96268431328;132,324765389376;13,4373900310395;7,93346581742447
"CYCLUS2_BEKKEN_30_B_SYBR_POSTCYCLE_rep3.fcs";"CYCLUS2_BEKKEN_30_B_SYBR_POSTCYCLE_rep3.fcs";8206,91;1899,2632871484;1030,89140760868;165,643471030251;27,9828522246729;15,3358432195238
"CYCLUS2_BEKKEN_31_A_SYBR_POSTCYCLE_rep1.fcs";"CYCLUS2_BEKKEN_31_A_SYBR_POSTCYCLE_rep1.fcs";8150,91;1832,08474800244;995,062860163557;157,508062644361;26,4951992163641;13,8751234335953
"CYCLUS2_BEKKEN_31_A_SYBR_POSTCYCLE_rep2.fcs";"CYCLUS2_BEKKEN_31_A_SYBR_POSTCYCLE_rep2.fcs";7840,67;1806,25945043444;984,544087177062;152,255371270797;27,7873816211799;15,7003400773076
"CYCLUS2_BEKKEN_31_A_SYBR_POSTCYCLE_rep3.fcs";"CYCLUS2_BEKKEN_31_A_SYBR_POSTCYCLE_rep3.fcs";8312,18;1848,6682937714;998,734544310208;121,00850458467;15,0370080000474;8,11901647725635
"CYCLUS2_BEKKEN_34_A_SYBR_POSTCYCLE_rep1.fcs";"CYCLUS2_BEKKEN_34_A_SYBR_POSTCYCLE_rep1.fcs";7622,2;1731,1859508203;947,28790824388;161,159184746892;32,1792954434181;18,3019957233825
"CYCLUS2_BEKKEN_34_A_SYBR_POSTCYCLE_rep2.fcs";"CYCLUS2_BEKKEN_34_A_SYBR_POSTCYCLE_rep2.fcs";7508,14;1677,77223826033;906,399196237131;410,60330138847;87,5803295412666;48,8070281243002
"CYCLUS2_BEKKEN_34_A_SYBR_POSTCYCLE_rep3.fcs";"CYCLUS2_BEKKEN_34_A_SYBR_POSTCYCLE_rep3.fcs";8022,91;1780,76163754258;963,921807063816;180,384835249194;29,9236805190517;17,0198732539209
"CYCLUS2_BEKKEN_34_B_SYBR_POSTCYCLE_rep1.fcs";"CYCLUS2_BEKKEN_34_B_SYBR_POSTCYCLE_rep1.fcs";7859,36;1801,43812415829;976,960204047378;124,025536634089;16,5579026067677;8,63183065194744
"CYCLUS2_BEKKEN_34_B_SYBR_POSTCYCLE_rep2.fcs";"CYCLUS2_BEKKEN_34_B_SYBR_POSTCYCLE_rep2.fcs";7452,29;1704,82952884294;919,483287044302;243,912564852509;49,8803906273924;28,5047030392648
"CYCLUS2_BEKKEN_34_B_SYBR_POSTCYCLE_rep3.fcs";"CYCLUS2_BEKKEN_34_B_SYBR_POSTCYCLE_rep3.fcs";7694,85;1747,01239160299;944,760924830991;163,921413482131;27,0370889241109;15,408476211373
"CYCLUS2_BEKKEN_35_A_SYBR_POSTCYCLE_rep1.fcs";"CYCLUS2_BEKKEN_35_A_SYBR_POSTCYCLE_rep1.fcs";7474,44;1694,74883296533;929,424056394413;467,399626128488;100,771579090496;57,4387119894766
"CYCLUS2_BEKKEN_35_A_SYBR_POSTCYCLE_rep2.fcs";"CYCLUS2_BEKKEN_35_A_SYBR_POSTCYCLE_rep2.fcs";8007,07;1830,75534068989;1003,65341007366;123,335401702558;16,3133211240549;8,66736270965325
"CYCLUS2_BEKKEN_35_A_SYBR_POSTCYCLE_rep3.fcs";"CYCLUS2_BEKKEN_35_A_SYBR_POSTCYCLE_rep3.fcs";7674,23;1735,00389448052;945,819872215708;356,021247096066;74,0166471771854;43,3177354850064
"CYCLUS2_BEKKEN_35_B_SYBR_POSTCYCLE_rep1.fcs";"CYCLUS2_BEKKEN_35_B_SYBR_POSTCYCLE_rep1.fcs";8093,75;1805,58898213729;983,01729065979;128,897686699039;13,594467769124;7,93583303602925
"CYCLUS2_BEKKEN_35_B_SYBR_POSTCYCLE_rep2.fcs";"CYCLUS2_BEKKEN_35_B_SYBR_POSTCYCLE_rep2.fcs";8028,15;1819,64948541031;998,655923327485;106,527880829102;13,5872820718618;7,98465759520099
"CYCLUS2_BEKKEN_35_B_SYBR_POSTCYCLE_rep3.fcs";"CYCLUS2_BEKKEN_35_B_SYBR_POSTCYCLE_rep3.fcs";7802,66;1788,43524380351;977,147598253287;135,687119298165;15,9333143925196;8,93897862124999
"CYCLUS2_BEKKEN_3_A_SYBR_OPERATION_rep1.fcs";"CYCLUS2_BEKKEN_3_A_SYBR_OPERATION_rep1.fcs";8187,34;1689,60148198764;943,195976187527;186,551329086229;32,730561292416;18,1128411524455
"CYCLUS2_BEKKEN_3_A_SYBR_OPERATION_rep2.fcs";"CYCLUS2_BEKKEN_3_A_SYBR_OPERATION_rep2.fcs";8249,3;1691,24950588673;932,753163605215;116,100835657647;11,603854762224;5,83071883973671
"CYCLUS2_BEKKEN_3_A_SYBR_OPERATION_rep3.fcs";"CYCLUS2_BEKKEN_3_A_SYBR_OPERATION_rep3.fcs";8176,17;1704,29542708468;946,847398889273;103,923150996933;11,0869415189226;5,60268238035336
"CYCLUS2_BEKKEN_3_B_SYBR_OPERATION_rep1.fcs";"CYCLUS2_BEKKEN_3_B_SYBR_OPERATION_rep1.fcs";8529,93;1823,36633152046;1023,00252641098;109,621779060753;10,3597967043945;4,71713278743517
"CYCLUS2_BEKKEN_3_B_SYBR_OPERATION_rep2.fcs";"CYCLUS2_BEKKEN_3_B_SYBR_OPERATION_rep2.fcs";8223,45;1786,47668701935;1003,22066940623;106,952965684393;10,8794180926839;6,25950200810576
"CYCLUS2_BEKKEN_3_B_SYBR_OPERATION_rep3.fcs";"CYCLUS2_BEKKEN_3_B_SYBR_OPERATION_rep3.fcs";7800,5;1682,17116470933;945,429092949126;343,707342624125;73,1953743431544;41,3504294424492
"CYCLUS2_BEKKEN_4_A_SYBR_OPERATION_rep1.fcs";"CYCLUS2_BEKKEN_4_A_SYBR_OPERATION_rep1.fcs";8347,19;1789,1772612318;999,149871115208;111,747884982132;12,0061892306677;6,39738452194224
"CYCLUS2_BEKKEN_4_A_SYBR_OPERATION_rep2.fcs";"CYCLUS2_BEKKEN_4_A_SYBR_OPERATION_rep2.fcs";8470,08;1798,48267980366;1000,8041447334;129,592109125034;11,9998824297892;5,57587659189201
"CYCLUS2_BEKKEN_4_A_SYBR_OPERATION_rep3.fcs";"CYCLUS2_BEKKEN_4_A_SYBR_OPERATION_rep3.fcs";8177,49;1760,10639903961;988,012808051834;167,688353016462;27,0374419788231;15,058967835714
"CYCLUS2_BEKKEN_-4_A_SYBR_PRECYCLE_rep1.fcs";"CYCLUS2_BEKKEN_-4_A_SYBR_PRECYCLE_rep1.fcs";10312,71;2283,78851311436;1294,46279919947;196,479227318505;18,5718728155292;10,305748689577
"CYCLUS2_BEKKEN_-4_A_SYBR_PRECYCLE_rep2.fcs";"CYCLUS2_BEKKEN_-4_A_SYBR_PRECYCLE_rep2.fcs";9905,06;2232,06591860856;1265,82556420754;153,765518720794;17,2692892894101;9,98518169471937
"CYCLUS2_BEKKEN_-4_A_SYBR_PRECYCLE_rep3.fcs";"CYCLUS2_BEKKEN_-4_A_SYBR_PRECYCLE_rep3.fcs";10142,24;2289,52121373433;1297,70406803148;156,199375314003;15,3794294767939;9,02492586868472
"CYCLUS2_BEKKEN_4_B_SYBR_OPERATION_rep1.fcs";"CYCLUS2_BEKKEN_4_B_SYBR_OPERATION_rep1.fcs";7519,53;1658,76122372966;913,969559644769;309,773441323647;61,5117078495952;34,5385470825598
"CYCLUS2_BEKKEN_4_B_SYBR_OPERATION_rep2.fcs";"CYCLUS2_BEKKEN_4_B_SYBR_OPERATION_rep2.fcs";8385,15;1775,37372780167;974,266048855338;174,155995033363;27,9894721852713;16,4780390404754
"CYCLUS2_BEKKEN_4_B_SYBR_OPERATION_rep3.fcs";"CYCLUS2_BEKKEN_4_B_SYBR_OPERATION_rep3.fcs";8053,24;1749,08327067605;968,85249699824;195,040898068051;37,0052625115149;21,1875169279295
"CYCLUS2_BEKKEN_-4_B_SYBR_PRECYCLE_rep1.fcs";"CYCLUS2_BEKKEN_-4_B_SYBR_PRECYCLE_rep1.fcs";9486,31;2147,41709311718;1259,77077039438;163,233593232508;16,574601901245;10,6814364983591
"CYCLUS2_BEKKEN_-4_B_SYBR_PRECYCLE_rep2.fcs";"CYCLUS2_BEKKEN_-4_B_SYBR_PRECYCLE_rep2.fcs";9415,55;2153,13395182526;1262,13320490732;161,323088517698;15,9189843437563;10,161147749904
"CYCLUS2_BEKKEN_-4_B_SYBR_PRECYCLE_rep3.fcs";"CYCLUS2_BEKKEN_-4_B_SYBR_PRECYCLE_rep3.fcs";9261,18;2126,71587957627;1231,31915318444;189,784799978898;27,9347541979639;15,8101079314034
"CYCLUS2_BEKKEN_5_A_SYBR_OPERATION_rep1.fcs";"CYCLUS2_BEKKEN_5_A_SYBR_OPERATION_rep1.fcs";8388,87;1786,35014800994;981,507089237652;163,599267428159;22,2150586156323;12,3789657670314
"CYCLUS2_BEKKEN_5_A_SYBR_OPERATION_rep2.fcs";"CYCLUS2_BEKKEN_5_A_SYBR_OPERATION_rep2.fcs";8518,67;1811,45674902161;990,160958663673;180,624732637599;36,8924107150327;20,1827654242056
"CYCLUS2_BEKKEN_5_A_SYBR_OPERATION_rep3.fcs";"CYCLUS2_BEKKEN_5_A_SYBR_OPERATION_rep3.fcs";8585,65;1853,56881718011;1012,35140216526;125,854523602098;15,3628708532019;8,20808138358503
"CYCLUS2_BEKKEN_5_B_SYBR_OPERATION_rep1.fcs";"CYCLUS2_BEKKEN_5_B_SYBR_OPERATION_rep1.fcs";8339,49;1792,9251048163;977,161088868393;308,291102595248;59,1561635436225;32,6033819070606
"CYCLUS2_BEKKEN_5_B_SYBR_OPERATION_rep2.fcs";"CYCLUS2_BEKKEN_5_B_SYBR_OPERATION_rep2.fcs";8723,41;1860,06855416874;1008,97086119898;304,79130449035;57,5350652519196;31,7632841428522
"CYCLUS2_BEKKEN_5_B_SYBR_OPERATION_rep3.fcs";"CYCLUS2_BEKKEN_5_B_SYBR_OPERATION_rep3.fcs";8548,99;1843,99200840193;994,793334365774;156,333397622265;25,9110173516598;13,5437785709211
"CYCLUS2_BEKKEN_6_A_SYBR_OPERATION_rep1.fcs";"CYCLUS2_BEKKEN_6_A_SYBR_OPERATION_rep1.fcs";9658,23;2148,51476749825;1179,76899392604;132,407456151247;14,1043872885923;7,67318698613916
"CYCLUS2_BEKKEN_6_A_SYBR_OPERATION_rep2.fcs";"CYCLUS2_BEKKEN_6_A_SYBR_OPERATION_rep2.fcs";9354,21;2028,15729380372;1099,03970715676;381,515010096972;83,8966347795459;47,1259827611181
"CYCLUS2_BEKKEN_6_A_SYBR_OPERATION_rep3.fcs";"CYCLUS2_BEKKEN_6_A_SYBR_OPERATION_rep3.fcs";9533,71;2137,06313785555;1164,94580993318;124,965877766935;15,1995322156786;9,19174741847291
"CYCLUS2_BEKKEN_-6_A_SYBR_PRECYCLE_rep1.fcs";"CYCLUS2_BEKKEN_-6_A_SYBR_PRECYCLE_rep1.fcs";10101,64;2219,24306460495;1234,0648069388;300,754825481662;50,9859121064501;29,1262860221638
"CYCLUS2_BEKKEN_-6_A_SYBR_PRECYCLE_rep2.fcs";"CYCLUS2_BEKKEN_-6_A_SYBR_PRECYCLE_rep2.fcs";10170,58;2268,12917061043;1269,44086142447;184,667387592948;19,4102956546926;10,5967492457512
"CYCLUS2_BEKKEN_-6_A_SYBR_PRECYCLE_rep3.fcs";"CYCLUS2_BEKKEN_-6_A_SYBR_PRECYCLE_rep3.fcs";10265,28;2317,2539717725;1303,51706529634;173,823147091078;16,7496399031892;9,54095162248578
"CYCLUS2_BEKKEN_6_B_SYBR_OPERATION_rep1.fcs";"CYCLUS2_BEKKEN_6_B_SYBR_OPERATION_rep1.fcs";8603,56;2010,73514299039;1122,96385670059;363,379572259302;77,467562664531;43,7298701155205
"CYCLUS2_BEKKEN_6_B_SYBR_OPERATION_rep2.fcs";"CYCLUS2_BEKKEN_6_B_SYBR_OPERATION_rep2.fcs";9673,94;2226,47904696056;1244,95291066497;242,568862241824;44,3632753249931;25,4703615161557
"CYCLUS2_BEKKEN_6_B_SYBR_OPERATION_rep3.fcs";"CYCLUS2_BEKKEN_6_B_SYBR_OPERATION_rep3.fcs";9274,19;2110,22633254394;1181,61603632478;195,447773643555;38,6258156000825;22,4296407686567
"CYCLUS2_BEKKEN_-6_B_SYBR_PRECYCLE_rep1.fcs";"CYCLUS2_BEKKEN_-6_B_SYBR_PRECYCLE_rep1.fcs";9819,3;2178,21417396888;1244,67561330715;278,806311972953;52,9001654551918;31,4120826391854
"CYCLUS2_BEKKEN_-6_B_SYBR_PRECYCLE_rep2.fcs";"CYCLUS2_BEKKEN_-6_B_SYBR_PRECYCLE_rep2.fcs";9848,71;2221,23149977142;1258,27991360158;186,47031312455;18,8434141469811;9,64508689062615
"CYCLUS2_BEKKEN_-6_B_SYBR_PRECYCLE_rep3.fcs";"CYCLUS2_BEKKEN_-6_B_SYBR_PRECYCLE_rep3.fcs";9648,88;2181,34804610597;1231,24700956096;149,926937088191;16,7154945317869;10,0990748699365
"CYCLUS2_BEKKEN_7_A_SYBR_OPERATION_rep1.fcs";"CYCLUS2_BEKKEN_7_A_SYBR_OPERATION_rep1.fcs";9873,27;2362,95079458822;1312,19039780026;147,279700576896;17,7144597411637;10,5204682544922
"CYCLUS2_BEKKEN_7_A_SYBR_OPERATION_rep2.fcs";"CYCLUS2_BEKKEN_7_A_SYBR_OPERATION_rep2.fcs";9784,84;2314,42687310341;1291,1101583222;168,30364094563;16,9473060447594;9,59779256190679
"CYCLUS2_BEKKEN_7_A_SYBR_OPERATION_rep3.fcs";"CYCLUS2_BEKKEN_7_A_SYBR_OPERATION_rep3.fcs";9870,75;2363,76134708949;1323,86695736418;161,237285145875;20,6037606780844;12,1635044325249
"CYCLUS2_BEKKEN_-7_A_SYBR_PRECYCLE_rep1.fcs";"CYCLUS2_BEKKEN_-7_A_SYBR_PRECYCLE_rep1.fcs";11172,08;2410,68671835432;1374,67162958364;206,630088649629;19,18042496456;11,0961912164714
"CYCLUS2_BEKKEN_-7_A_SYBR_PRECYCLE_rep2.fcs";"CYCLUS2_BEKKEN_-7_A_SYBR_PRECYCLE_rep2.fcs";11002,53;2436,7621132876;1405,93524956883;242,301400713819;32,3391058904037;18,7452627769423
"CYCLUS2_BEKKEN_-7_A_SYBR_PRECYCLE_rep3.fcs";"CYCLUS2_BEKKEN_-7_A_SYBR_PRECYCLE_rep3.fcs";11318,54;2455,72456223431;1414,24553444311;181,400913209199;15,4075516378384;9,35828772108974
"CYCLUS2_BEKKEN_7_B_SYBR_OPERATION_rep1.fcs";"CYCLUS2_BEKKEN_7_B_SYBR_OPERATION_rep1.fcs";9790,46;2294,82741340171;1266,21005344019;155,245548090824;17,5017184887;10,4197680521099
"CYCLUS2_BEKKEN_7_B_SYBR_OPERATION_rep2.fcs";"CYCLUS2_BEKKEN_7_B_SYBR_OPERATION_rep2.fcs";9288,53;2207,71832191709;1222,78372213304;262,990550008816;55,990926377104;31,8483929107319
"CYCLUS2_BEKKEN_7_B_SYBR_OPERATION_rep3.fcs";"CYCLUS2_BEKKEN_7_B_SYBR_OPERATION_rep3.fcs";9840,7;2272,64370008752;1258,23899333451;143,171473091083;17,3055713839164;9,54333570553818
"CYCLUS2_BEKKEN_-7_B_SYBR_PRECYCLE_rep1.fcs";"CYCLUS2_BEKKEN_-7_B_SYBR_PRECYCLE_rep1.fcs";9757,89;2226,15157822695;1251,73792906206;174,235060951137;22,3150831527618;13,9567393970103
"CYCLUS2_BEKKEN_-7_B_SYBR_PRECYCLE_rep2.fcs";"CYCLUS2_BEKKEN_-7_B_SYBR_PRECYCLE_rep2.fcs";9997,6;2219,8033332884;1242,46726507821;201,900865763274;28,1615500598826;15,8510879458619
"CYCLUS2_BEKKEN_-7_B_SYBR_PRECYCLE_rep3.fcs";"CYCLUS2_BEKKEN_-7_B_SYBR_PRECYCLE_rep3.fcs";10217,6;2316,38589461292;1306,90526379219;155,950458333874;14,370822935515;8,17900441907549
"CYCLUS2_BEKKEN_8_A_SYBR_OPERATION_rep1.fcs";"CYCLUS2_BEKKEN_8_A_SYBR_OPERATION_rep1.fcs";8783,76;2132,33812665657;1171,20620342928;338,708483459858;75,2642226593805;42,8912483501265
"CYCLUS2_BEKKEN_8_A_SYBR_OPERATION_rep2.fcs";"CYCLUS2_BEKKEN_8_A_SYBR_OPERATION_rep2.fcs";9417,58;2226,97673943217;1210,33327890043;155,451390953876;21,2924057589181;12,7309076412116
"CYCLUS2_BEKKEN_8_A_SYBR_OPERATION_rep3.fcs";"CYCLUS2_BEKKEN_8_A_SYBR_OPERATION_rep3.fcs";8009,93;1936,65666417057;1076,99976584343;345,639569815469;79,4603015138928;45,6757655094101
"CYCLUS2_BEKKEN_8_B_SYBR_OPERATION_rep1.fcs";"CYCLUS2_BEKKEN_8_B_SYBR_OPERATION_rep1.fcs";9217,41;2146,37542386611;1180,9805371173;148,48175040058;15,6580011169973;9,10591937810823
"CYCLUS2_BEKKEN_8_B_SYBR_OPERATION_rep2.fcs";"CYCLUS2_BEKKEN_8_B_SYBR_OPERATION_rep2.fcs";9081,9;2149,12323432043;1187,43008088017;148,076590883491;21,827760761789;12,424482094177
"CYCLUS2_BEKKEN_8_B_SYBR_OPERATION_rep3.fcs";"CYCLUS2_BEKKEN_8_B_SYBR_OPERATION_rep3.fcs";9403,04;2180,54368319799;1200,89015278974;142,293970854053;16,5554480953449;10,11801429799
"CYCLUS2_BEKKEN_9_A_SYBR_OPERATION_rep1.fcs";"CYCLUS2_BEKKEN_9_A_SYBR_OPERATION_rep1.fcs";9068,59;2101,00330040478;1162,27578628001;282,697614622287;53,3622412583514;29,8486739106838
"CYCLUS2_BEKKEN_9_A_SYBR_OPERATION_rep2.fcs";"CYCLUS2_BEKKEN_9_A_SYBR_OPERATION_rep2.fcs";9346,68;2160,61484073183;1206,73795611197;130,773988084772;15,8118396973484;9,30705856278619
"CYCLUS2_BEKKEN_9_A_SYBR_OPERATION_rep3.fcs";"CYCLUS2_BEKKEN_9_A_SYBR_OPERATION_rep3.fcs";8944,55;2103,27543614504;1166,73277166714;193,286063970615;31,5362506580308;17,5340164489108
"CYCLUS2_BEKKEN_9_B_SYBR_OPERATION_rep1.fcs";"CYCLUS2_BEKKEN_9_B_SYBR_OPERATION_rep1.fcs";9101,03;2060,44152362299;1128,54238836938;174,920383332105;19,2746431561439;10,1151282972555
"CYCLUS2_BEKKEN_9_B_SYBR_OPERATION_rep2.fcs";"CYCLUS2_BEKKEN_9_B_SYBR_OPERATION_rep2.fcs";9163,46;2085,62160747756;1147,22160330272;163,401125078035;19,2746990165656;10,4806551956824
"CYCLUS2_BEKKEN_9_B_SYBR_OPERATION_rep3.fcs";"CYCLUS2_BEKKEN_9_B_SYBR_OPERATION_rep3.fcs";8809,59;2050,58658094055;1115,18374841861;218,016035690455;39,0869165851413;21,4439086305185
