"";"Sample_names";"D0";"D1";"D2";"sd.D0";"sd.D1";"sd.D2";"counts";"volume";"dilution"
"1";"110D2-1015-2_rep1.fcs";14324,07;3421,95301412128;2161,72816000698;240,004724490535;48,4225994396042;29,2893211891111;100871;50,087;2
"2";"110D2-1015-2_rep2.fcs";14417,31;3415,40487126577;2138,64854593577;225,945005152881;43,7263319394921;25,7843461274988;101026;50,174;2
"3";"110D2-1015-2_rep3.fcs";14230,96;3399,91151982838;2147,91797769175;207,512439447019;39,9818612087787;24,0855372336118;100464;50,209;2
"4";"110D2-115-2_rep1.fcs";12577,77;3442,44900001771;2127,5405721413;248,521927776723;51,4555730583075;34,8709013940279;3115;50,139;10
"5";"110D2-115-2_rep2.fcs";12101,59;3282,74494216728;2087,39248863651;344,812233928361;84,9946843445801;55,8493055753737;3101;50,135;10
"6";"110D2-115-2_rep3.fcs";11798,66;3167,62423556834;1983,82126398942;340,648022380162;76,2663665493282;44,1492833891722;3116;50,14;10
"7";"110D2-415-2_rep1.fcs";12653,78;3064,83076986331;1932,81032713528;152,998684882445;18,6646416591886;12,582151920576;19757;50,083;2
"8";"110D2-415-2_rep2.fcs";12295,53;3019,90377898539;1909,55122105335;195,894346652743;28,6594771925526;18,0120377863545;20114;50,18;2
"9";"110D2-415-2_rep3.fcs";12450,01;3023,44932443227;1904,90381025809;172,436988637894;22,7324957728493;14,3972912829081;20222;50,098;2
"10";"110D2-515_rep1.fcs";13709,14;3345,89525782344;2142,72393181789;175,471659917901;24,952042225957;16,1969295107286;31725;50,103;2
"11";"110D2-515_rep2.fcs";13983,14;3371,04259914617;2155,84661028327;182,139363891466;18,3904869472037;11,4818559741731;31973;50,21;2
"12";"110D2-515_rep3.fcs";13745,93;3378,48381570058;2160,98301888889;183,397303164689;17,6433814901656;10,5908901563051;31136;50,052;2
"13";"110D2-715-2_rep1.fcs";13836,19;3270,94706795541;2046,8260168987;284,913975853;54,4269357660579;33,0423038171739;13760;50,133;2
"14";"110D2-715-2_rep2.fcs";13824,49;3354,77124655099;2084,47038107603;202,429461214707;27,5374579435935;18,3941698128447;13600;50,132;2
"15";"110D2-715-2_rep3.fcs";13577,14;3347,54811532648;2096,50234595992;199,951560800777;27,3826482094205;17,0772597237333;13419;50,009;2
"16";"110D2-815_rep1.fcs";13694,29;3316,43793733924;2071,61457363471;231,166400996111;43,0421467984357;26,74420034388;13638;50,102;2
"17";"110D2-815_rep2.fcs";14081,8;3420,05243267646;2148,62833721148;195,45843547926;28,5196174614194;17,9523655989576;13820;50,117;2
"18";"110D2-815_rep3.fcs";14060,41;3448,28304519916;2163,3455666808;204,109650418444;28,3343303038931;18,4610788285269;13717;50,047;2
"19";"110D2-915-2_rep1.fcs";13360,53;3455,67481376352;2164,71866111616;336,877145577021;72,0131621617239;44,0783152051676;3636;50,124;10
"20";"110D2-915-2_rep2.fcs";13873,76;3646,36029413171;2253,64044688594;269,583334316894;62,4601328030517;39,1634915804517;3506;50,164;10
"21";"110D2-915-2_rep3.fcs";13142,44;3478,22934171878;2183,65263489045;289,256424633783;47,6731841655101;28,9321372729336;3871;50,176;10
"22";"110M2-1015-1_rep1.fcs";11946,85;3010,90403840727;1939,83359967541;150,022447815268;20,2919970394141;13,6066914211249;24001;50,066;2
"23";"110M2-1015-1_rep2.fcs";12575,5;3097,04588946431;1989,03405452896;160,516873464028;19,7830194774079;12,7319461333331;23897;50,211;2
"24";"110M2-1015-1_rep3.fcs";12636,96;3068,28776995542;1968,72493043495;203,586822617365;28,2023009754142;18,9754712255351;24047;50,166;2
"25";"110M2-115-2_rep1.fcs";13859,65;3327,41803873319;2087,19408238543;248,698485859257;45,7523984100443;29,6884999851598;9727;50,155;10
"26";"110M2-115-2_rep2.fcs";13918,78;3329,32696774002;2080,01143030642;209,894518000992;29,3331370092117;17,6260789773321;10474;50,126;10
"27";"110M2-115-2_rep3.fcs";13484,53;3368,73171600007;2116,51665390966;185,274432268798;29,7878022505415;19,7726064786417;10413;50,137;10
"28";"110M2-415-2_rep1.fcs";13841,86;3405,53179278241;2137,68953003345;183,935266390712;24,64531623188;14,6806532702611;28908;50,031;2
"29";"110M2-415-2_rep2.fcs";14326,75;3468,91116448688;2175,14719426418;181,482134524352;19,2653004290939;11,5592160267546;29069;50,21;2
"30";"110M2-415-2_rep3.fcs";13526,3;3362,25554583738;2112,88587179435;351,259853738632;80,6336150810814;48,5062753287216;28776;50,041;2
"31";"110M2-515_rep1.fcs";14721,52;3263,95830171809;2076,94255908168;264,450315357969;36,4155795185275;20,0469839767141;32719;50,102;2
"32";"110M2-515_rep2.fcs";13913,14;3281,39278260348;2105,74738757398;180,775211718081;18,7156335933595;11,5103487977706;30530;50,023;2
"33";"110M2-515_rep3.fcs";13837,28;3211,11503416925;2068,35175647469;195,370928226181;19,4389221123394;12,3981753302199;29656;50,089;2
"34";"110M2-715-2_rep1.fcs";13973,39;3574,90640379476;2277,16438960587;175,917674444094;27,3229256061897;18,0699666361548;27703;50,004;2
"35";"110M2-715-2_rep2.fcs";13663,09;3450,9633125048;2208,75832811718;189,625047092541;27,5786117333212;18,6271378100029;26291;50,062;2
"36";"110M2-715-2_rep3.fcs";13179,24;3397,46781650798;2197,84450374637;202,439921004138;18,0424529635382;12,0011753103777;24768;50,039;2
"37";"110M2-815_rep1.fcs";13470,51;3211,98210754459;2064,45908685554;183,483602052669;29,7585644242179;18,7057219601329;59351;50,119;2
"38";"110M2-815_rep2.fcs";13208,2;3210,13564671907;2069,43460056793;240,033373100534;49,4019171768317;31,2667666347352;59988;50,114;2
"39";"110M2-815_rep3.fcs";13590,17;3293,46683844063;2111,8253050212;172,311618994205;18,6788158003192;10,8025864699705;60872;50,186;2
"40";"110S2-1015-2_rep1.fcs";13382,93;3198,10463667234;2011,8381919096;169,907476604358;22,5090946500518;14,1033910798134;35430;50,021;2
"41";"110S2-1015-2_rep2.fcs";13924,69;3263,29755237327;2048,02627338937;175,27932657114;25,9802051704946;15,290799651598;35594;50,201;2
"42";"110S2-1015-2_rep3.fcs";13741,69;3282,33343234485;2056,71738744695;176,993619413614;17,2468642313008;10,1628240035544;34713;50,062;2
"43";"110S2_115_2_rep1.fcs";12990,8;3153,73069898014;1975,91952378079;284,929160077775;54,303140271044;34,0932586696045;8210;50,155;10
"44";"110S2_115_2_rep2.fcs";13585,72;3293,83240861341;2062,75331590504;284,440264805151;62,8236324019888;39,4509601313987;10571;50,15;10
"45";"110S2_115_2_rep3.fcs";13065,61;3150,77191464073;1968,86438752939;264,295705793738;58,3259229934537;35,6286916573129;10791;50,144;10
"46";"110S2-415-2_rep1.fcs";13514,67;3299,45791011171;2106,39444919151;195,22760894128;21,0052065573738;12,4500291582373;27321;50,148;2
"47";"110S2-415-2_rep2.fcs";13370,87;3286,53228937787;2089,30924839603;181,429266902804;21,8864351784978;13,4028165721571;27088;50,018;2
"48";"110S2-415-2_rep3.fcs";13353,32;3220,64976530877;2052,93987690767;192,361606030797;19,2847443549399;11,5335485115797;25615;50,059;2
"49";"110S2-515_rep1.fcs";15068,17;3860,76648637863;2389,6829651523;163,964522831845;22,5072219683444;15,3061628164803;24567;50,013;2
"50";"110S2-515_rep2.fcs";15060,78;3912,92506357051;2442,09961774271;193,08226016887;35,5030473353919;23,705125604463;24419;50,006;2
"51";"110S2-515_rep3.fcs";14598,7;3845,53531655183;2394,46266814374;194,000702904069;40,4696361169351;26,0063802959548;24284;50,022;2
"52";"110S2-715-2_rep1.fcs";14351,5;3422,98928260769;2135,57373987098;180,011475504011;22,9894110867863;13,39787471297;28769;50,057;2
"53";"110S2-715-2_rep2.fcs";14063,46;3312,31693357179;2067,41042994258;242,166168011333;45,4354624782874;28,8841895351875;28055;50,209;2
"54";"110S2-715-2_rep3.fcs";14226,04;3342,75377825872;2074,21244733949;159,339414109908;28,9484902753503;17,051141261433;28565;50,086;2
"55";"110S2-815_rep1.fcs";13627,37;3343,22493494434;2119,05733196825;275,120456814058;51,8399508976635;32,0250423043219;36420;50,192;2
"56";"110S2-815_rep2.fcs";14090,47;3440,44229288273;2172,35751196575;283,117581134543;53,8812041141331;33,6082044081573;37023;50,067;2
"57";"110S2-815_rep3.fcs";13333,13;3274,85522062565;2066,08108410238;464,697461155148;102,253913574409;61,5664207585174;37347;50,021;2
"58";"110S2_915_2_rep1.fcs";12844,33;3227,22390618978;2001,71009631016;268,840685615895;59,5878518910578;36,9608742359193;6390;50,146;10
"59";"110S2_915_2_rep2.fcs";13367,25;3355,75211730169;2066,48387080413;243,741433415897;41,3616136412541;26,7445214649017;6529;50,115;10
"60";"110S2_915_2_rep3.fcs";11701,13;3183,76835888666;2101,51372959631;224,297586192356;43,6462802631047;29,7884006473132;16400;50,115;10
"61";"M45D2-1015-1_rep1.fcs";14585,01;3094,83886270534;1894,59635115024;206,994827193455;26,004069380519;15,1111023621733;22763;50,054;2
"62";"M45D2-1015-1_rep2.fcs";14759,06;3148,24540503863;1924,89795431617;155,387025445394;20,9604553108838;13,072213775895;22907;50,055;2
"63";"M45D2-1015-1_rep3.fcs";15073,15;3168,72413767217;1942,44721724004;204,075663082657;24,0805228419385;13,5159826582236;23574;50,044;2
"64";"M45D2-115-2_rep1.fcs";13863,74;3240,24183324754;1996,87348702807;259,696116896871;50,15199918119;32,1721806027936;8322;50,139;10
"65";"M45D2-115-2_rep2.fcs";13865,65;3320,06056210579;2033,68270930682;215,399997889761;34,3943105006929;22,084772514636;8354;50,139;10
"66";"M45D2-115-2_rep3.fcs";13386,14;3253,9641149544;2022,29038416275;256,071526466077;47,1940758274211;29,4395215842988;8111;50,139;10
"67";"M45D2-415-2_rep1.fcs";13784,98;3312,26070092621;2104,50941277453;197,08260996728;18,0136129054137;11,1246017382653;27949;50,023;2
"68";"M45D2-415-2_rep2.fcs";13579,65;3309,56460866959;2108,8589082038;162,666503663604;17,3790371353896;11,8529963366993;28492;50,033;2
"69";"M45D2-415-2_rep3.fcs";13520,95;3252,34185612959;2067,96875014328;190,062104416829;26,5887054818977;17,5160114733973;28118;50,041;2
"70";"M45D2-515_rep1.fcs";14973,19;3320,65397564199;2020,45258282626;218,917986349854;43,5172671391606;25,8156259762766;43087;50,021;2
"71";"M45D2-515_rep2.fcs";15526,4;3421,50063524325;2065,93156929098;147,335869990504;21,891858614782;12,9639265793867;41835;50,019;2
"72";"M45D2-515_rep3.fcs";15413,96;3360,19279911786;2042,02316174518;153,632640681687;23,8347719976505;14,5448689155553;42335;50,182;2
"73";"M45D2-715-2_rep1.fcs";13537,03;3259,18168141166;2022,86272206988;174,674962502508;23,8552658066117;13,7127288604096;16669;50,035;2
"74";"M45D2-715-2_rep2.fcs";13857;3255,62726453276;2018,7111466292;181,081319976536;20,8389673912967;12,2526991621524;16798;50,015;2
"75";"M45D2-715-2_rep3.fcs";13446,03;3264,13841738328;2022,94578687715;220,500553378907;27,4539994542032;16,682436231381;15849;50,038;2
"76";"M45D2-815_rep1.fcs";13782,12;3335,46620066888;2127,29003123231;175,398552220969;32,2311544576349;20,106875876613;19467;50,215;2
"77";"M45D2-815_rep2.fcs";13934,07;3346,95865880368;2130,3795430147;183,63117706947;26,3159975192298;18,5404430118495;19122;50,022;2
"78";"M45D2-815_rep3.fcs";13573,17;3353,74507407612;2144,6103621809;186,6982686994;21,9996242219351;13,4896919744231;19570;50,027;2
"79";"M45D2-915-2_rep1.fcs";12224,2;3178,87190621237;2018,8161019552;301,718445246591;55,5958625268291;33,882068011527;5662;50,148;10
"80";"M45D2-915-2_rep2.fcs";13049,08;3289,03117342465;2089,201714849;258,56947877415;37,8960848433425;21,6709479564521;5742;50,13;10
"81";"M45D2-915-2_rep3.fcs";12583,26;3281,57771797151;2093,84354352495;243,532779201188;41,3985341613588;25,9962770444423;5760;50,112;10
"82";"M45S1-115-1_rep1.fcs";14432,66;3416,18970878393;2147,92927369181;277,361603308567;37,0301941632552;21,9118840189204;11700;50,134;10
"83";"M45S1-115-1_rep2.fcs";14311,57;3397,74736214268;2128,70801306913;213,725787452573;32,6619378613377;21,1273821297404;11497;50,15;10
"84";"M45S1-115-1_rep3.fcs";13299,93;3228,28922693597;2034,14884296825;583,202743044775;136,21319301271;83,1415916820942;11520;50,14;10
"85";"M45S2-1015-2_rep1.fcs";13188,92;3197,31455369454;2012,00095136699;378,185131298619;86,0654477722859;52,415162319985;56076;50,17;2
"86";"M45S2-1015-2_rep2.fcs";13684,53;3272,66961674561;2053,73973479877;251,077172529994;46,265061269966;28,1668937710814;57137;50,148;2
"87";"M45S2-1015-2_rep3.fcs";13985,01;3320,66338844362;2082,76888150088;176,123722296446;20,0587908846352;12,2722766098895;57373;50,153;2
"88";"M45S2-415-2_rep1.fcs";13238,09;3234,50383331454;2082,62930480064;165,756794884871;15,5851641556168;11,0674393097248;30708;50,026;2
"89";"M45S2-415-2_rep2.fcs";13934,69;3282,90159079259;2104,01553506904;179,141143777579;17,9762020273081;10,9801856415967;31045;50,116;2
"90";"M45S2-415-2_rep3.fcs";13354,96;3218,5109176877;2066,10709776462;169,649902130621;29,6281503536281;20,3837811909082;30860;50,139;2
"91";"M45S2-515-DMSO_rep1.fcs";16111,61;3762,99290256942;2194,70786609077;166,63095950833;34,7127774365968;19,5903435817133;54339;50,18;2
"92";"M45S2-515-DMSO_rep2.fcs";16412,32;3878,45600962655;2249,86030530764;159,76433907604;23,5491559767612;12,8834110993708;54621;50,17;2
"93";"M45S2-515-DMSO_rep3.fcs";16236,94;3844,62175025951;2233,83692752301;160,353701219989;27,6442556539239;14,8900515079871;54253;50,117;2
"94";"M45S2-715-2_rep1.fcs";13617,24;3320,44426114468;2080,89716621915;193,201424174436;28,4435960218396;18,7275662694315;27118;50,012;2
"95";"M45S2-715-2_rep2.fcs";13634,62;3355,03200040372;2104,53653930366;181,615243208428;19,6272572364837;12,3484956713849;26001;50,034;2
"96";"M45S2-715-2_rep3.fcs";13409,01;3315,49488018755;2069,45515578111;251,301802338515;51,7570168092391;31,4857822975873;27964;50,123;2
"97";"M45S2-815_rep1.fcs";13511,15;3293,32456082939;2079,9874964964;184,361106735579;28,3330015077849;17,6817768659466;45112;50,17;2
"98";"M45S2-815_rep2.fcs";13817,14;3375,40178799497;2132,90652472458;155,766207873054;17,9487001520584;11,6956751186459;47633;50,121;2
"99";"M45S2-815_rep3.fcs";14015,36;3365,58769062156;2120,08918394116;163,809110389089;31,2689790641304;18,7557381834827;50653;50,143;2
"100";"M45S2-915-2_rep1.fcs";13434,31;3380,41361659787;2061,90443844568;261,461768648203;54,8515452329395;34,9925590018243;6465;50,116;10
"101";"M45S2-915-2_rep2.fcs";13240,74;3336,55283907696;2042,8716217479;220,865269045876;43,1456614855641;25,8428746686294;6243;50,169;10
"102";"M45S2-915-2_rep3.fcs";13226,47;3230,16933009164;1993,04826791038;263,485435742632;41,6470208580647;26,1978150342118;6157;50,137;10
"103";"MBRE1-714_rep1.fcs";15191,46;3379,27427862378;2073,82560531165;156,106957635533;18,1613298315068;11,1316862248713;50843;50,172;10
"104";"MBRE1-714_rep2.fcs";14823,91;3344,8876953951;2066,87955919768;237,671536989496;46,1643951812169;28,7380889501739;50847;50,155;10
"105";"MBRE1-714_rep3.fcs";15026,31;3385,32146532606;2082,13214567197;200,386076604563;35,1260064231043;22,1228132857711;50344;50,141;10
"106";"MBRE1-715_rep1.fcs";14167,18;3108,94788684083;1911,61806054675;197,740232618351;43,0778756597478;27,560434475328;37360;50,05;10
"107";"MBRE1-715_rep2.fcs";14182,8;3121,38717180814;1926,41407327793;338,395590629629;67,9510891430467;40,6337467987696;37326;50,045;10
"108";"MBRE1-715_rep3.fcs";14337,96;3153,65063680875;1942,64618810053;204,532229067384;25,7252565908564;15,3369688997218;36738;50,054;10
"109";"MBRE1-914_rep1.fcs";15141,15;3307,05676079407;2061,56592620458;232,027748906518;28,2970956609773;17,293747427425;36144;50,023;10
"110";"MBRE1-914_rep2.fcs";14928,61;3239,17738533874;2021,81274151022;280,564362518035;45,2280128686975;27,6111137437096;35681;50,016;10
"111";"MBRE1-914_rep3.fcs";14453,08;3274,48044261717;2044,90334099256;300,932680817219;52,233406422456;30,3934589706831;36354;50,074;10
"112";"MBRE2-515_rep1.fcs";14599,32;3261,33625557381;2054,23487823408;397,181735366936;77,9959200251597;49,5523840266869;21193;50,052;10
"113";"MBRE2-515_rep2.fcs";15373,49;3303,58795910816;2062,33991950748;265,972714291287;42,5245284024624;25,4640438581878;21693;50,21;10
"114";"MBRE2-515_rep3.fcs";15450,99;3306,83656812422;2066,39841990045;222,246268673726;31,3268222823213;19,8585166500933;22151;50,045;10
"115";"MBRE2-915_rep1.fcs";15252,47;3271,43510095551;2006,7531368661;239,253361121805;37,3249520873676;22,6956829338906;24590;50,002;10
"116";"MBRE2-915_rep2.fcs";15224,69;3245,05533225855;1979,37374101539;290,302548380064;49,3881324829006;27,5641328948226;24457;50,198;10
"117";"MBRE2-915_rep3.fcs";15045,62;3268,24712645871;1997,10890726848;323,610870576925;54,3176605172989;31,3684228570838;24543;50,131;10
"118";"MBRH1-714_rep1.fcs";17296,11;3868,76964070194;2277,66538762464;332,711750603881;69,1697335718714;37,7718341703873;13367;50,179;10
"119";"MBRH1-714_rep2.fcs";17680,81;3871,78872210996;2276,35016831578;289,278995560907;58,5051677301995;31,6766386658804;13640;50,105;10
"120";"MBRH1-714_rep3.fcs";16600,97;3693,56236877346;2151,6097114506;615,615032124604;123,49499980975;68,495118190428;13371;50,119;10
"121";"MBRH1-914_rep1.fcs";18177,14;3965,76544342591;2288,51601732958;214,831435917991;42,3317341343435;25,4902331247484;17303;50,097;10
"122";"MBRH1-914_rep2.fcs";17929,86;3931,71892101516;2241,1992734077;271,928355834898;56,8649609147494;30,8552893515234;17443;50,014;10
"123";"MBRH1-914_rep3.fcs";18017,65;3909,61538168685;2247,70237088086;239,99054589965;43,7144965604297;24,192462400963;17432;50,034;10
"124";"MBRH2-515_rep1.fcs";14295,27;3091,73625651191;1970,20773572629;286,480448854294;46,6725820979747;29,8333209481811;23903;50,078;10
"125";"MBRH2-515_rep2.fcs";14431,82;3088,10270842843;1971,28760918472;327,132703434807;58,3492492293135;35,3089028996866;24747;50,112;10
"126";"MBRH2-515_rep3.fcs";13939,64;3044,37424932375;1936,90202383908;212,480184221656;26,800169211728;15,1711216902644;23967;50,049;10
"127";"MBRH2-915_rep1.fcs";18542,64;3878,72380479274;2232,74482653711;181,079173486923;32,638368496446;18,1193189634791;14813;50,165;10
"128";"MBRH2-915_rep2.fcs";17096,6;3714,35276490307;2174,25257405855;231,165557883339;43,4486255775771;23,0557688486027;13944;50,131;10
"129";"MBRH2-915_rep3.fcs";16971,43;3611,81738134141;2118,05633167379;253,554459115539;45,7203334823768;25,9542564688246;13741;50,001;10
"130";"MDPE1-714_rep1.fcs";15516,35;3629,96691001664;2233,41075943735;301,557451349899;55,5370543915611;32,1306533617143;47454;50,17;10
"131";"MDPE1-714_rep2.fcs";15503,57;3565,71986687239;2182,38383215278;181,829715821027;32,2144230810662;19,1052944613172;47483;50,627;10
"132";"MDPE1-714_rep3.fcs";15941,89;3673,75697121161;2264,40320457035;181,581041539211;26,0488766710368;15,7224051166686;46401;50,113;10
"133";"MDPE1-715_rep1.fcs";14247,86;3104,61026971759;1923,00881210744;199,344228951233;24,1270003466923;15,9095397534195;37595;50,105;10
"134";"MDPE1-715_rep2.fcs";13683,02;2962,79714831572;1834,10002561809;241,122123381158;35,9957560932746;20,6141506323;38062;50,102;10
"135";"MDPE1-715_rep3.fcs";14226,98;3057,41441603028;1893,96530606105;225,272494028136;33,1918672871171;19,4269426717714;37658;50,08;10
"136";"MDPE1-914_rep1.fcs";15133,84;3364,82675630439;2095,20373618369;163,760833244859;22,061416084438;13,818534820733;36018;50,098;10
"137";"MDPE1-914_rep2.fcs";14284,71;3173,26396412678;1984,23136824441;406,821686673012;75,6133991320924;45,1681699899038;37392;50,072;10
"138";"MDPE1-914_rep3.fcs";15040,29;3423,14496200885;2147,23437874654;177,370028955619;23,1198191518473;14,5082843156775;37171;50,059;10
"139";"MDPE2-515_rep1.fcs";13895,13;3138,88228072903;2006,55337790921;323,688110733624;59,9590860543468;36,1116156700612;31108;50,053;10
"140";"MDPE2-515_rep2.fcs";14438,38;3187,58284728626;2039,48886262189;229,211859125213;33,2304807026949;20,1388957030633;30223;50,214;10
"141";"MDPE2-515_rep3.fcs";15219,16;3314,09887850353;2106,70726452933;232,713927647685;19,4246873130641;10,9858912765301;30379;50,188;10
"142";"MDPE2-915_rep1.fcs";14597,35;3153,05360368178;1922,54966689454;213,031385509556;27,062146963253;14,9640160025376;27292;50,033;10
"143";"MDPE2-915_rep2.fcs";14721,97;3236,00549164992;1987,87774079303;227,459729147466;31,6991470068859;18,6090839388923;27717;50,012;10
"144";"MDPE2-915_rep3.fcs";15120,99;3284,23617577227;2009,68394887941;211,866667381811;24,5154991952611;15,1490193305923;27885;50,047;10
"145";"MDPH1-714_rep1.fcs";17013,75;3852,84116162646;2286,76339898719;174,230566790217;40,7335659711525;23,1540202671692;14033;50,127;10
"146";"MDPH1-714_rep2.fcs";16157,39;3691,62505765427;2192,83110962489;351,047146248034;73,7865993355841;42,4169181562207;13878;50,214;10
"147";"MDPH1-714_rep3.fcs";16649,19;3784,43041917464;2241,01367039692;228,581514978572;40,5704572331622;23,5121522057017;14105;50,098;10
"148";"MDPH1-715_rep1.fcs";15733,47;3494,81443950851;2084,94839954614;423,650071319825;77,768346768727;44,2786439901115;13859;50,108;10
"149";"MDPH1-715_rep2.fcs";15567,94;3488,67245159229;2097,63195808312;264,217610803265;50,8210883465169;29,3850755932693;12953;50,153;10
"150";"MDPH1-715_rep3.fcs";15706,13;3504,27134391473;2099,81077835598;270,541120868544;53,3687703403154;30,7720774932965;13870;50,193;10
"151";"MDPH1-914_rep1.fcs";18253,78;4315,60781338412;2550,80907352126;212,380142312046;45,0909494411146;25,9169754548065;16626;50,048;10
"152";"MDPH1-914_rep2.fcs";17756,63;4181,58185042605;2473,31254458154;792,191470771831;172,920379461165;93,7373915477774;16814;50,134;10
"153";"MDPH1-914_rep3.fcs";18303,66;4303,16267371067;2529,63681657026;197,621422590433;44,4511097877278;27,3591282287936;16894;50,156;10
"154";"MDPH2-515_rep1.fcs";15096,32;3571,94198158088;2217,25990567081;259,936079166639;53,3430709178833;33,5671595158292;15334;50,017;10
"155";"MDPH2-515_rep2.fcs";15485,51;3716,59885913251;2312,33963983304;201,100381738458;28,6617452799123;17,5128833879363;15407;50,223;10
"156";"MDPH2-515_rep3.fcs";14934,43;3560,04746991056;2236,70237098246;362,166328633626;77,2710628198156;45,1172318529112;15485;50,324;10
"157";"MDPH2-915_rep1.fcs";17162,75;3882,79521175593;2356,4659857886;747,55682024509;153,608134049078;84,7453767727764;20713;50,055;10
"158";"MDPH2-915_rep2.fcs";16968,59;3837,72978366616;2328,02874833171;581,772146292705;115,54749006936;63,5158541485775;20885;50,098;10
"159";"MDPH2-915_rep3.fcs";17871,57;4090,51553608421;2489,82487042529;216,018903727606;35,2405254825848;20,7532133011142;20713;50,107;10
"160";"MI5S1-415-2_rep1.fcs";12831,59;3214,52581834964;2089,2677094279;149,634510617293;16,9616020516535;11,5513228653664;28635;50,079;2
"161";"MI5S1-415-2_rep2.fcs";13115,21;3202,45757874329;2070,78127017141;185,441340612283;36,9318368718716;22,6409962935793;29924;50,203;2
"162";"MI5S1-415-2_rep3.fcs";13009,79;3206,00703492587;2080,75546738394;169,12599421494;20,7303635830722;13,3526394141156;29755;50,035;2
"163";"MI5S2-1015-2_rep1.fcs";13422,38;3290,95982375738;2103,54518253676;226,420623146079;47,8010799887068;27,886330128047;104213;50,009;2
"164";"MI5S2-1015-2_rep2.fcs";13452,87;3275,81270419144;2089,55767914538;386,036546524452;81,3722272398612;49,6081514355864;106098;50,193;2
"165";"MI5S2-1015-2_rep3.fcs";13704,05;3380,36559187151;2162,16712561856;114,528314614705;20,5459137962125;12,8318354508068;100989;50,01;2
"166";"MI5S2-115-2_rep1.fcs";13848,36;3467,74808026145;2217,38548784253;225,067779689909;29,9943410265584;17,463841843991;11244;50,144;10
"167";"MI5S2-115-2_rep2.fcs";13965,37;3419,6544959388;2162,72383748122;201,612372105133;28,6573366114024;19,1292301784325;11407;50,134;10
"168";"MI5S2-115-2_rep3.fcs";13136,76;3355,18192001088;2137,41643453896;199,547372669735;27,8775830081413;18,3775437195945;11677;50,153;10
"169";"MI5S2-515-DMSO_rep1.fcs";13762,27;2919,20727387587;1811,76696211277;153,760331343782;29,6363095692168;17,5015912445116;162849;50,021;2
"170";"MI5S2-515-DMSO_rep2.fcs";13770,77;2929,73678890798;1815,73226747178;120,384976327001;16,1076584797308;9,35898035846013;158808;50,019;2
"171";"MI5S2-515-DMSO_rep3.fcs";13881,93;2943,61754217718;1821,57226592108;96,8126645651385;16,6710565122418;10,2326201771224;160702;50,071;2
"172";"MI5S2-715-2_rep1.fcs";13135,56;3236,89856437831;2085,24567920114;182,830678415021;28,5963404770038;19,0036623726749;41265;50,107;2
"173";"MI5S2-715-2_rep2.fcs";13470,37;3271,88201227393;2107,38459246444;164,781805838368;22,166512555558;14,8873267458156;38488;50,025;2
"174";"MI5S2-715-2_rep3.fcs";13597,59;3353,15961742802;2166,27203617785;140,059373773476;15,9014262409926;9,90134298603305;40756;50,055;2
"175";"MI5S2-815_rep1.fcs";13752,03;3313,00194342029;2123,19396302001;260,910970341311;52,562085912854;32,0300772254535;64594;50,139;2
"176";"MI5S2-815_rep2.fcs";13997,57;3387,21213194488;2167,5430648249;138,111743296374;22,3344277099381;15,0499972849135;63590;50,097;2
"177";"MI5S2-815_rep3.fcs";13974,58;3417,5618300519;2187,61356370141;122,788491876779;12,3496007855886;7,99062913249964;65587;50,133;2
"178";"MI5S2-915-2_rep1.fcs";13192,86;3299,77891686329;2065,36399957032;491,799725600788;115,706415091183;70,1977307708566;8042;50,132;10
"179";"MI5S2-915-2_rep2.fcs";12429,84;3147,93501365449;1968,14699650269;395,105400079165;101,759217524673;62,2485474625684;7480;50,143;10
"180";"MI5S2-915-2_rep3.fcs";13354,17;3342,61849876562;2091,4601342622;208,423716394166;36,0707912449972;22,8210566225358;7731;50,14;10
"181";"MINE1-714_rep1.fcs";14898,53;3305,40215283147;2066,66829698098;346,425191393933;60,8383208634411;35,609083605463;52467;50,006;10
"182";"MINE1-714_rep2.fcs";15123,64;3381,02836354548;2115,33463926471;185,290954387357;35,8072424018627;23,2545614825274;51977;50,115;10
"183";"MINE1-714_rep3.fcs";14922,63;3306,24422537418;2062,46303671723;242,17493697947;45,3289413959781;27,220589738861;52031;50,053;10
"184";"MINE1-715_rep1.fcs";15299,49;3150,13361690637;1964,94174534996;185,942616053035;26,773547063453;15,7610846862992;43119;50,208;10
"185";"MINE1-715_rep2.fcs";15547,89;3225,40175998669;2021,0431322499;399,213415874444;71,0871305935396;40,9135271309318;43260;50,023;10
"186";"MINE1-715_rep3.fcs";15318,84;3170,1236284033;1980,20498439528;177,519594593517;23,3007454806209;13,2704319707313;42831;50,079;10
"187";"MINE1-914_rep1.fcs";15226,04;3405,96834187003;2148,37830823309;296,382360194299;51,3790649336119;31,7693383640598;46965;50,012;10
"188";"MINE1-914_rep2.fcs";15716,14;3475,63963284552;2186,01106073446;183,943558537049;23,9599109244148;13,0464136878105;48002;50,032;10
"189";"MINE1-914_rep3.fcs";15460,48;3383,65506485094;2120,91038660324;254,192263191991;44,1640529568413;27,1909259941355;46861;50,085;10
"190";"MINE2-515_rep1.fcs";14195,2;3321,84427769064;2093,5181966523;168,9480823965;32,040188950847;20,0574997427924;36887;50,047;10
"191";"MINE2-515_rep2.fcs";14974,45;3438,44075361272;2164,38091738734;177,504552509552;21,1458834453446;11,6468905517022;37565;50,113;10
"192";"MINE2-515_rep3.fcs";14412,99;3236,10105974203;2045,8489278476;197,927111111973;30,212734627574;17,9965516580588;33948;50,027;10
"193";"MINE2-915_rep1.fcs";15865,92;3568,74598157528;2206,50789921288;242,907418036942;45,8384467594476;27,120860464903;33443;50,041;10
"194";"MINE2-915_rep2.fcs";15884,69;3561,41850913595;2206,0070270433;216,595312026644;37,4627833364221;23,3453259219581;32883;50,097;10
"195";"MINE2-915_rep3.fcs";15926,27;3547,83213856522;2200,13445972366;212,611936293674;31,2953496867763;18,4134833143558;33507;50,041;10
"196";"MINH1-714_rep1.fcs";14238,54;3051,91921168574;1908,40172917842;172,446356466543;27,6171147482752;16,1239816767967;45187;50,164;10
"197";"MINH1-714_rep2.fcs";15064,92;3314,67824013056;2082,56959057853;228,28042651816;35,8486561720365;21,9981598127483;43945;50,05;10
"198";"MINH1-714_rep3.fcs";14750,87;3239,36137268451;2037,97325897154;258,885281524267;51,4990882139451;30,855472859564;44905;50,198;10
"199";"MINH1-715_rep1.fcs";15318,38;3425,2724717323;2128,63351641137;202,695710638166;31,7335283090586;20,0461253475522;42616;50,149;10
"200";"MINH1-715_rep2.fcs";15135,43;3396,15584295355;2126,59938870187;147,451978486543;20,1584055178136;12,1134522368047;40312;50,064;10
"201";"MINH1-715_rep3.fcs";14794,42;3359,33294586365;2107,71920224969;209,965229444681;39,9154728810857;22,7136855176998;39151;50,108;10
"202";"MINH1-914_rep1.fcs";16502,07;3434,48916996845;2145,43937816484;176,878332605932;21,6506297630588;12,8467434468189;43077;50,002;10
"203";"MINH1-914_rep2.fcs";15926,63;3342,86774976679;2096,78631223945;151,072706758278;26,216562842929;16,7894404324978;40354;50,069;10
"204";"MINH1-914_rep3.fcs";16494,09;3424,99485636715;2132,66923632166;185,226865811042;23,9374838907704;12,598443169171;42711;50,018;10
"205";"MINH2-515_rep1.fcs";14287;3295,70055607597;2089,62186204942;227,077613216808;37,3979606670409;22,5660937321671;33577;50,067;10
"206";"MINH2-515_rep2.fcs";14702,78;3387,74767184281;2143,165400083;183,43796353167;22,0935948507201;12,3008989730562;33965;50,066;10
"207";"MINH2-515_rep3.fcs";15282,7;3472,87210377358;2192,73185244519;174,483972231425;18,9022117201677;10,8891476712875;33034;50,087;10
"208";"MINH2-915_rep1.fcs";15487;3180,07394663007;1990,28769721888;173,94048674559;19,5745038322759;10,480253035006;33173;50,011;10
"209";"MINH2-915_rep2.fcs";16113,96;3226,94994902312;2001,92786363334;201,486792809771;27,6725672909416;16,2280997202092;32486;50,017;10
"210";"MINH2-915_rep3.fcs";15741,3;3212,27385536039;2000,96248907614;176,447176403042;27,9518369751606;15,7437613344054;32855;50,001;10
"211";"MLB40y-S-D_July_rep1.fcs";14016,5;3275,33510824377;2072,08381901801;166,034102618478;23,4960654882942;13,5595672512891;68336;50,15;10
"212";"MLB40y-S-D_July_rep2.fcs";14116,39;3321,86226225521;2095,56867116766;189,161621612073;27,7770616384215;17,2774492684336;66587;50,131;10
"213";"MLB40y-S-D_July_rep3.fcs";14164,76;3330,22598656326;2099,0300369983;143,554102003461;20,0905930381297;13,4714113037584;65560;50,134;10
"214";"MLB-915-2_rep1.fcs";16686,35;3749,52541790101;2311,58180167245;186,421937788686;27,4904014368553;15,5124000542221;41756;50,135;10
"215";"MLB-915-2_rep2.fcs";16497,76;3720,87350311153;2314,11442362695;176,377299897668;22,0519014541572;11,9881629733254;41130;50,114;10
"216";"MLB-915-2_rep3.fcs";16263,87;3662,42213537304;2263,95105098482;185,524136304458;22,3026077233159;14,2256723883991;39979;50,13;10
"217";"MLBD2-1015-2_rep1.fcs";14073,76;3238,25355661907;2029,49925589491;139,147267383165;20,4908373747841;12,9751375550075;173117;50,048;2
"218";"MLBD2-1015-2_rep2.fcs";14563,58;3318,35637387381;2075,14348261252;101,005668407793;13,7580831427863;8,52020124949525;173394;50,164;2
"219";"MLBD2-1015-2_rep3.fcs";14052,3;3234,72417398291;2036,37619853756;266,824782669198;58,1262447160954;35,0630187824751;167401;50,212;2
"220";"MLBD2-115-2_rep1.fcs";17046,87;3959,45330612493;2461,89657158718;360,158176669949;65,4064059923606;39,3540900274831;32615;50,035;10
"221";"MLBD2-115-2_rep2.fcs";17305,85;4034,92610347129;2506,92244296388;257,204685027314;46,327191262797;28,1317493389964;32745;50,013;10
"222";"MLBD2-115-2_rep3.fcs";17317,08;3972,23603907293;2464,37736737574;191,353904500736;27,6042798533906;15,9752321909778;31924;50,035;10
"223";"MLBD2-415-2_rep1.fcs";13552,76;3427,81720785859;2237,4982746764;167,393875320901;25,3320506433999;16,8425968045558;45206;50,108;2
"224";"MLBD2-415-2_rep2.fcs";13755,43;3441,87807401216;2238,20338638148;194,270781294168;28,434600460196;17,5972860293022;45680;50,111;2
"225";"MLBD2-415-2_rep3.fcs";13393,2;3344,75312763104;2187,2509741649;156,397835113798;29,1392289104687;19,8513264065842;44224;50,121;2
"226";"MLBD2-515-DMSO_rep1.fcs";13586,62;2887,07774009701;1803,04054712565;110,472975807834;15,9487466788565;9,37710763425889;163085;50,14;2
"227";"MLBD2-515-DMSO_rep2.fcs";13855,99;2927,21064165655;1819,94814499808;113,759847614582;18,2261020183134;10,7291826364507;161865;50,21;2
"228";"MLBD2-515-DMSO_rep3.fcs";13819,34;2901,15846797402;1808,37238257363;103,477828591931;18,0033210421149;11,3706823916281;162015;50,233;2
"229";"MLBD2-715-2_rep1.fcs";14994,26;3483,16449907482;2164,92678647278;96,0745312533741;15,8918052988017;10,1524340964794;147034;50,122;2
"230";"MLBD2-715-2_rep2.fcs";15024,89;3495,42018448762;2173,37010623044;166,467753725168;32,1134178105345;19,5305166273368;151858;50;2
"231";"MLBD2-715-2_rep3.fcs";14879,21;3480,58929690678;2163,58785773982;117,167608082773;21,1276110191687;13,1895342051165;148267;50,022;2
"232";"MLBD2-815_rep1.fcs";15974,25;3499,31201816182;2100,71037739089;193,53455437563;33,95322476035;18,7327225181441;153515;50,065;2
"233";"MLBD2-815_rep2.fcs";16115,02;3526,24474551845;2109,71044274237;128,810092772267;23,7875523130236;13,8614177137265;151144;50,101;2
"234";"MLBD2-815_rep3.fcs";15702,03;3405,86450585292;2046,48124194459;179,105152512611;34,9305269544299;19,9337567696093;151178;50,152;2
"235";"MLB-D-D_July_rep1.fcs";14593,68;3308,54096410026;2083,32862508154;197,018682393628;22,8076419584222;13,2735952593054;38508;50,023;10
"236";"MLB-D-D_July_rep2.fcs";14528,84;3259,80107135807;2054,21796213642;269,028094361083;47,517139112778;29,554808702538;37850;50,063;10
"237";"MLB-D-D_July_rep3.fcs";14963,37;3245,22150104869;2024,79349469283;194,028512691753;24,5468055381673;14,33285505636;37405;50,019;10
"238";"MLB-D-N_September_rep1.fcs";16098,21;3550,43017594709;2160,01785400605;221,829869062038;40,0179459620567;22,7678280321891;21547;50,046;10
"239";"MLB-D-N_September_rep2.fcs";15958,97;3489,0240474506;2131,52635199346;272,657570234279;48,3443400641199;28,3288434517442;20891;50,043;10
"240";"MLB-D-N_September_rep3.fcs";15951,6;3515,25015082357;2150,36992495859;203,345702554725;31,4294286706069;19,458597150699;21112;50,026;10
"241";"MLBS1-415-2_rep1.fcs";14859,48;3530,5781133213;2235,59754597202;102,898349369804;12,2435124071694;7,71171440529121;98609;50,104;2
"242";"MLBS1-415-2_rep2.fcs";14811,58;3508,33381706877;2205,55142292349;164,645267901705;29,9164281817465;17,8361009131284;102321;50,111;2
"243";"MLBS1-415-2_rep3.fcs";14516,72;3468,45786558095;2181,97085993515;159,749240367458;32,4570428516145;20,4631625458892;102090;50,16;2
"244";"MLBS2-1015-2_rep1.fcs";14582,1;3334,42837469261;2083,97470899529;98,343810433118;14,712956003441;9,66190639850129;199113;50,177;2
"245";"MLBS2-1015-2_rep2.fcs";14460,87;3310,86348868775;2071,00824719862;125,485856179133;21,0768543930368;12,864601666604;195000;50,003;2
"246";"MLBS2-1015-2_rep3.fcs";14575,21;3341,71499682726;2090,63343592556;103,267749960083;21,7243354994814;13,9615935211469;191677;50,1;2
"247";"MLBS2-115-2_rep1.fcs";16781,3;3841,73385229978;2396,98342547206;213,442893268595;32,3160754549169;20,1739517304866;32200;50,018;10
"248";"MLBS2-115-2_rep2.fcs";17552,1;4073,15925183603;2537,89602105423;177,594618400582;24,2229242383733;14,6662228421696;31639;50,038;10
"249";"MLBS2-115-2_rep3.fcs";17391,2;3962,30455244747;2453,18891038259;241,33078016396;41,9283395434836;25,2336394540693;32064;50,039;10
"250";"MLBS2-515-DMSO_rep1.fcs";13301,43;3214,69954280955;2082,69933982288;193,872198610165;16,6161593433861;10,7445074463414;31731;50,018;2
"251";"MLBS2-515-DMSO_rep2.fcs";13328,16;3259,72642547203;2107,92336663276;177,755235186938;25,312848983205;17,6313692423132;30316;50,063;2
"252";"MLBS2-515-DMSO_rep3.fcs";12863,17;3174,83399532513;2064,69335975345;183,404837570999;31,3027478975232;20,8405816104827;29285;50,052;2
"253";"MLBS2-715-2_rep1.fcs";13427,54;3237,69868490322;2060,92645109094;175,388078790487;38,7254681458878;23,6225078098646;254455;50,214;2
"254";"MLBS2-715-2_rep2.fcs";13961,84;3384,41193991083;2156,04694687991;79,0595888293038;10,207490911984;7,30075793978062;257649;50,004;2
"255";"MLBS2-715-2_rep3.fcs";13661,82;3308,80537585617;2115,53664325563;128,400366593768;26,2304764945425;17,1290963871575;249739;50,015;2
"256";"MLBS2-815_rep1.fcs";15013,94;3465,438512531;2132,68054634365;335,296094685147;71,9863222359317;42,2067584425307;38201;50,025;10
"257";"MLBS2-815_rep2.fcs";14936,73;3381,88785842456;2071,89265377349;445,853757221225;91,4019145456793;52,4367368268245;36490;50,029;10
"258";"MLBS2-815_rep3.fcs";15884,69;3553,05813292144;2175,24945699972;247,117552487626;37,6943178764169;22,1545313058335;38304;50,008;10
"259";"MLBS2-915-2_rep1.fcs";18869;4853,08971987196;3006,32249947082;527,416746266578;141,898976494517;86,5940920867298;48061;50,113;10
"260";"MLBS2-915-2_rep2.fcs";18154,19;4289,55511040128;2632,19110162393;440,640825699035;94,9391156500983;55,5043342209521;48404;50,127;10
"261";"MLBS2-915-2_rep3.fcs";16828,82;3912,58942412825;2402,35638936791;223,329958364368;37,0431624854762;21,6988411056011;45350;50,138;10
"262";"MLB-S-N_September_rep1.fcs";14519,82;3202,58562207067;1978,50587358417;204,355274910726;35,3709482231437;20,9827163794497;22629;50,086;10
"263";"MLB-S-N_September_rep2.fcs";15722,48;3550,0464273182;2183,3381474775;188,249859752855;27,8479129968472;16,6968506733061;22243;50,007;10
"264";"MLB-S-N_September_rep3.fcs";15530,24;3488,97542402298;2138,3195727151;284,500985068682;60,7847335631907;34,7269559388645;22016;50,048;10
"265";"MM110-DCMD_July_rep1.fcs";12739,85;3196,44628731882;2079,17405959949;228,06739102398;33,0050990827062;21,0835956652174;9799;50,116;10
"266";"MM110-DCMD_July_rep2.fcs";12739,19;3224,90487872442;2094,81532215553;193,683157645562;34,7584340427477;22,4304653359532;9356;50,135;10
"267";"MM110-DCMD_July_rep3.fcs";12564,73;3249,79680712021;2108,37304002408;188,964902678895;31,6970999620049;19,7999252740735;9342;50,087;10
"268";"MM110-D-N_July_rep1.fcs";10970,63;3331,11304100795;2166,99772382042;244,793982851712;59,2573785548534;39,0099560596698;2336;50,007;10
"269";"MM110-D-N_July_rep2.fcs";10716,71;3357,57575776604;2208,24648091633;230,010948136445;54,1042532964433;37,3450955033489;2377;50,172;10
"270";"MM110-D-N_July_rep3.fcs";11310,69;3332,96468590577;2169,79053362835;287,428715624686;66,4370764701327;43,3539469344892;2366;50,205;10
"271";"MM110-D-N_September_rep1.fcs";12133,3;3514,99746164517;2279,23847418501;297,019555183857;62,047463934435;37,9212182762569;2717;50,146;10
"272";"MM110-D-N_September_rep2.fcs";12852,36;3610,58688002747;2318,10870187563;269,545015823991;54,0894009960075;33,7772129702722;2956;50,109;10
"273";"MM110-D-N_September_rep3.fcs";12671,06;3690,84392237314;2396,075784501;291,416700505193;63,4810364562109;40,2605407332591;2883;50,12;10
"274";"MM110-S-D_April_rep1.fcs";12802,36;3340,04941659648;2158,46225178875;252,648856812147;32,4569709982636;20,6585622038307;6960;50,18;10
"275";"MM110-S-D_April_rep2.fcs";12214,15;3166,45890876459;2070,5746801388;440,72338091466;97,4634387903455;60,9576979590993;4956;50,166;10
"276";"MM110-S-D_April_rep3.fcs";13132,51;3262,31875331023;2105,8516957314;357,016466671703;70,4038603095336;43,0496007439464;6640;50,08;10
"277";"MM110-S-D_July_rep1.fcs";12078,14;2942,23213649518;1756,5936593708;241,030951531042;34,7630814124875;23,0339996883071;6613;50,121;10
"278";"MM110-S-D_July_rep2.fcs";12093,41;2971,9317998117;1783,78661489313;212,861177078092;29,0641824926848;18,5815823799508;8606;50,201;10
"279";"MM110-S-D_July_rep3.fcs";12581,07;2991,66292091405;1774,50840122998;204,794859418991;30,4742926948588;18,1928644912454;8446;50,093;10
"280";"MM110-S-D_September_rep1.fcs";14016,8;3121,73950994515;1948,2730439029;412,527170822319;80,4118379801642;47,2854589595991;11559;50,191;10
"281";"MM110-S-D_September_rep2.fcs";14245,62;3186,40346795162;1976,24529262492;316,113225463806;47,4594229286786;29,0205397559525;11115;50,145;10
"282";"MM110-S-D_September_rep3.fcs";13327,57;3066,78735221723;1914,57067820772;267,5793946182;41,7120932143127;24,5184509892579;11463;50,2;10
"283";"MM110-S-N_April_rep1.fcs";14365,53;3228,39586967848;2036,82102065753;248,759120638842;36,1611322308498;22,4933431654687;9182;50,176;10
"284";"MM110-S-N_April_rep2.fcs";13878,95;3156,10573356731;2004,76325262219;253,712928326485;38,5200476994079;25,2691576052898;8727;50,175;10
"285";"MM110-S-N_April_rep3.fcs";14106,83;3237,33661910778;2035,36790692578;246,709826486195;39,1528532549991;25,0966977660142;8549;50,107;10
"286";"MM110-S-N_July_rep1.fcs";11977,51;2886,3860671852;1740,62994561756;361,715203976663;70,0235976932003;41,09684968929;8713;50,129;10
"287";"MM110-S-N_July_rep2.fcs";12526,65;2962,59527148119;1775,74470713157;199,26021639651;29,8119817270461;19,5134816542841;8412;50,002;10
"288";"MM110-S-N_July_rep3.fcs";12122,28;2932,49839421143;1778,79243489574;220,591815557398;33,4273640634485;19,1786740013027;8415;50,124;10
"289";"MM110-S-N_September_rep1.fcs";13750,32;3270,91067681565;2055,25199926553;207,6344826464;30,9876871785955;18,3581985180597;12270;50,123;10
"290";"MM110-S-N_September_rep2.fcs";13499,12;3222,53126771714;2021,59166876086;192,207078985456;32,8899349561109;22,1593100204475;12149;50,146;10
"291";"MM110-S-N_September_rep3.fcs";12694,04;3161,11011605501;1985,40694443712;240,940745471335;39,2964248296047;24,1200207220674;12216;50,147;10
"292";"MM15-D-D_April_rep1.fcs";15770,58;4097,23702823581;2584,19964461812;212,102232830579;32,6905730574415;18,8639336853984;15171;50,08;10
"293";"MM15-D-D_April_rep2.fcs";15593,5;4063,58083709268;2567,71793842538;234,263018029226;41,3567500164658;26,6328846754097;15263;50,053;10
"294";"MM15-D-D_April_rep3.fcs";15548,85;4048,13591353306;2580,12684130415;346,578059043127;76,3133052347694;45,4419901425989;14970;50,216;10
"295";"MM15-D-N_July_rep1.fcs";12504,07;3017,04874734117;1922,67024021693;189,107913983823;23,2097398687354;13,9627644874228;12358;50,123;10
"296";"MM15-D-N_July_rep2.fcs";12297,68;3010,67239818371;1915,8829154276;238,949125222179;49,7722646479767;32,2878646000513;12481;50,182;10
"297";"MM15-D-N_July_rep3.fcs";12810,64;3066,95742743442;1943,96421303235;200,790937056533;25,3832381047383;15,725561911151;12668;50,209;10
"298";"MM15-D-N_September_rep1.fcs";13918,42;3286,23524657582;2067,34665270331;245,105550547292;31,9156376659402;19,3251807378512;10420;50,123;10
"299";"MM15-D-N_September_rep2.fcs";13362,74;3261,62623110791;2075,19916076657;199,573819663175;29,3781954680321;18,0994638700544;10121;50,136;10
"300";"MM15-D-N_September_rep3.fcs";13245,73;3268,39751847576;2079,15127822802;224,314842544711;28,457024386338;17,3518697693438;10218;50,145;10
"301";"MM15-S-D_April_rep1.fcs";15235,2;3907,13984673464;2476,46939259045;303,638175159418;64,7499169416914;40,1217470843511;13810;50,147;10
"302";"MM15-S-D_April_rep2.fcs";15510,23;3987,97283095488;2537,80026278364;185,920416068573;34,6614769014284;21,9064401652876;13346;50,225;10
"303";"MM15-S-D_April_rep3.fcs";15318,27;3990,14430948575;2535,40842063199;205,711421632098;37,1532787288119;25,462255256906;13646;50,013;10
"304";"MM15-S-D_July_rep1.fcs";13147,22;3065,9333416293;1885,60893265742;232,956517380173;39,8371332789831;26,0966750308171;14090;50,162;10
"305";"MM15-S-D_July_rep2.fcs";13022,59;3112,40421097131;1920,68464911559;172,070756822696;23,0082184199869;13,7807324792504;14012;50,109;10
"306";"MM15-S-D_July_rep3.fcs";13211,53;3133,08955155482;1928,75397224195;205,070249357914;26,4732062689344;17,1453531186852;13739;50,132;10
"307";"MM15-S-D_September_rep1.fcs";13752,34;3256,45566048613;2058,03127601796;191,924870612425;30,0796821723137;19,1890055997451;11264;50,123;10
"308";"MM15-S-D_September_rep2.fcs";13779,61;3344,02050995227;2084,50038163155;179,651564834473;37,9529661300977;22,5067214888157;11633;50,144;10
"309";"MM15-S-D_September_rep3.fcs";13644,84;3245,62566036188;2032,30514091561;187,889539868294;30,6350195108158;19,1565693426697;11385;50,155;10
"310";"MM15-S-N_April_rep1.fcs";15866,57;4240,37527368335;2649,71696955947;224,591717333809;41,8698452632558;24,9174520043737;13972;50,211;10
"311";"MM15-S-N_April_rep2.fcs";14892,59;3828,55342499501;2410,91188521016;427,392046621309;108,673934140937;65,9831466432814;13700;50,092;10
"312";"MM15-S-N_April_rep3.fcs";15819,18;4196,67059637328;2633,90267089096;195,775865455754;44,4955773180387;29,0043229877947;13771;50,008;10
"313";"MM15-S-N_July_rep1.fcs";13023,63;3084,23736428404;1901,00706247572;256,128229209472;45,1971367515222;27,5678461723721;15064;50,121;10
"314";"MM15-S-N_July_rep2.fcs";13227,83;3018,18850102194;1830,1741045811;218,958971988228;38,8025279145529;23,6149850392067;14783;50,107;10
"315";"MM15-S-N_July_rep3.fcs";12898,32;3048,10464373691;1847,66293874481;201,791615687115;24,6512095548437;15,0901225309484;14714;50,155;10
"316";"MM15-S-N_September_rep1.fcs";13637,22;3334,87920214514;2093,73490181517;244,979058268047;30,7889595614892;18,6771606518813;11618;50,125;10
"317";"MM15-S-N_September_rep2.fcs";13471,68;3292,99407737933;2074,44082092118;264,599254066457;46,0731267936507;28,0523486789752;11628;50,131;10
"318";"MM15-S-N_September_rep3.fcs";13554,57;3288,09879376487;2083,27369051645;215,069509787892;29,7384817454158;19,8557881468296;11782;50,139;10
"319";"MOTE1-714_rep1.fcs";15557,42;3535,93143655789;2184,40031322982;173,342725852747;23,5487199208098;14,7956105493211;53819;50,146;10
"320";"MOTE1-714_rep2.fcs";15116,14;3502,21884429868;2167,07444273669;281,959808727013;53,5627573650601;32,6485660939026;52977;50,082;10
"321";"MOTE1-714_rep3.fcs";15312,78;3496,15961087166;2157,10480053256;226,727379569528;39,0230020908892;22,1534544578454;53748;50,088;10
"322";"MOTE1-715_rep1.fcs";15191,64;3072,82886184799;1873,60509785922;197,938339547007;22,460354171262;12,9469563640159;36576;50,031;10
"323";"MOTE1-715_rep2.fcs";14905,32;3043,16374485837;1867,03247567412;182,34964084185;22,7818394604976;13,9526841127724;37906;50,082;10
"324";"MOTE1-715_rep3.fcs";15419,86;3046,26438654207;1850,55847160054;268,653545810897;35,5448315063995;18,8607006716582;37345;50,056;10
"325";"MOTE1-914_rep1.fcs";15033,18;3344,42149368252;2085,85373148099;272,242404611565;39,972683325147;22,7911275385019;33691;50,113;10
"326";"MOTE1-914_rep2.fcs";15001,78;3325,43079622295;2065,00373100621;327,247275609652;54,7122782125965;31,3257757459165;36212;50,095;10
"327";"MOTE1-914_rep3.fcs";15614,16;3357,2998844916;2089,1008952218;338,128471191503;62,1170622584455;38,1230272507806;35571;50,027;10
"328";"MOTE2-515_rep1.fcs";14517,59;3252,98109555359;2074,3301560194;192,628815354948;27,4272189222427;17,3634595729048;30301;50,035;10
"329";"MOTE2-515_rep2.fcs";14592,53;3255,01978002425;2093,31107353824;197,306634915854;23,3553512140007;14,9803852416977;30864;50,136;10
"330";"MOTE2-515_rep3.fcs";14155,41;3188,06440239051;2039,50186031125;210,581594589361;32,7122182658333;19,2503173109214;30667;50,068;10
"331";"MOTE2-915_rep1.fcs";15505,82;3265,75906403604;1960,90600028925;200,246634796879;27,6111025766802;17,8654889522226;28293;50,064;10
"332";"MOTE2-915_rep2.fcs";15115,91;3361,06693973742;2027,37978850759;284,666350684659;46,9665892440765;26,6334289894546;28625;50,047;10
"333";"MOTE2-915_rep3.fcs";15524,85;3318,26133044079;2004,27546803896;189,176865297098;25,2138205409191;14,2584255388857;28565;50,011;10
"334";"MOTH1-714_rep1.fcs";15748,42;3506,77309241613;2127,48197427438;207,972860506054;37,4075252536809;23,6556261244261;25259;50,06;10
"335";"MOTH1-714_rep2.fcs";15733,32;3517,8006719227;2134,93787107462;169,320082993868;26,1496465032408;15,5709339244554;24083;50,124;10
"336";"MOTH1-714_rep3.fcs";16126,1;3562,66155160947;2151,71411335026;186,723286867455;24,2605068244828;13,5896594140693;25178;50,024;10
"337";"MOTH1-715_rep1.fcs";15294,74;3310,05812399785;1992,83258121162;228,403268210621;31,7597970829035;17,9940586772498;19570;50,138;10
"338";"MOTH1-715_rep2.fcs";14483,85;3182,65285496192;1918,74518024939;252,656527141237;44,4121954033568;25,6832213012808;19194;50,008;10
"339";"MOTH1-715_rep3.fcs";14608,53;3233,84114824555;1957,47757310987;270,956571681467;50,6970139659765;29,0566531538084;19739;50,167;10
"340";"MOTH1-914_rep1.fcs";17071,72;3491,85432827122;2127,82779941765;209,950503065303;30,884735388047;18,0721070145115;35490;50,086;10
"341";"MOTH1-914_rep2.fcs";16918,01;3461,05827075967;2094,46233598089;177,620950113414;20,2546731186379;11,771679089001;35364;50,1;10
"342";"MOTH1-914_rep3.fcs";17104,89;3546,29019883933;2146,23330177581;257,162091516482;40,3095211608164;23,3338640123383;35067;50,039;10
"343";"MOTH2-515_rep1.fcs";15510,48;3570,02616735416;2207,45917220709;228,998102413734;41,3422432882065;24,0441699687377;21300;50,082;10
"344";"MOTH2-515_rep2.fcs";16276,58;3631,43209219809;2248,19440494288;243,016072960559;30,5447732232381;15,675077169668;20526;50,057;10
"345";"MOTH2-515_rep3.fcs";15887,93;3675,17182896529;2271,47854159096;187,224289141245;27,2570948006112;15,1456652093935;20779;50,131;10
"346";"MOTH-915_rep1.fcs";18631,6;3718,60411942617;2098,18056254993;156,030170612655;26,3964439013034;13,4467872169524;29267;50,128;10
"347";"MOTH-915_rep2.fcs";18750,59;3681,47797504867;2079,8087212652;190,199209496068;28,257039386208;15,0093206797393;28463;50,042;10
"348";"MOTH-915_rep3.fcs";18289,37;3651,69899202009;2069,01139811853;187,099209625333;29,5846074950737;15,4956481955397;28504;50,068;10
"349";"MRBH1-715_rep1.fcs";16216,71;3621,91779306142;2177,40434281574;233,564530265149;41,5657862926335;24,7291524797758;11599;50,177;10
"350";"MRBH1-715_rep2.fcs";14926,7;3400,84154173178;2064,17222777772;295,65214681986;59,4009229671591;34,2553961222686;11377;50,178;10
"351";"MRBH1-715_rep3.fcs";15876,3;3595,0412685014;2173,08090206191;268,486498729452;47,1064543042141;27,2227083822199;11782;50,143;10
"352";"MUSDEPE1-epi-deep-514_rep1.fcs";14916,58;3571,15886524699;2227,1215765269;222,322914662071;27,0231997277423;17,2445327693283;22188;50,111;10
"353";"MUSDEPE1-epi-deep-514_rep2.fcs";15075,71;3522,31060853123;2163,6479759561;188,464732654535;31,5736093429298;21,3029032741239;22627;50,092;10
"354";"MUSDEPE1-epi-deep-514_rep3.fcs";14843,83;3463,26981113295;2146,10936226126;248,994789406355;38,7736805282112;24,2449577968225;21514;50,11;10
"355";"MUSDEPH-hypo-deep-514_rep1.fcs";14497,47;3599,22833443955;2293,94239454907;199,007865181355;27,3033885463722;17,5452566939063;15545;50,035;10
"356";"MUSDEPH-hypo-deep-514_rep2.fcs";14812,93;3621,503620241;2295,09603013207;210,845496355349;34,4309561029902;21,3732495005096;15799;50,022;10
"357";"MUSDEPH-hypo-deep-514_rep3.fcs";14765,33;3656,97014464385;2313,96561711737;166,018439708462;27,751908109096;15,3341018016435;15369;50,005;10
"358";"MUSINLE1-epi-inlet-514_rep1.fcs";14233,25;3274,93253756254;2006,93875067557;251,860406061402;57,520115284794;35,0650366627257;27913;50,032;10
"359";"MUSINLE1-epi-inlet-514_rep2.fcs";14673,55;3324,83991108695;2029,47116822923;173,627336615528;25,4233411795092;16,0517627803649;26707;50,074;10
"360";"MUSINLE1-epi-inlet-514_rep3.fcs";14923,55;3344,93710504196;2047,18905891207;178,786728938264;17,7658135624526;10,035152967065;27482;50,123;10
"361";"MUSINLH1-hypo-inlet-514_rep1.fcs";14606,81;3379,6982132322;2065,50800696875;154,499040237613;24,8393202111565;16,3361013307307;27261;50,019;10
"362";"MUSINLH1-hypo-inlet-514_rep2.fcs";14166,77;3331,0825190072;2032,84261607778;197,462378720862;40,4306691649373;25,9903313165429;26745;50,191;10
"363";"MUSINLH1-hypo-inlet-514_rep3.fcs";14426,4;3356,10975190074;2045,94405902085;180,581999617511;29,0130904723095;16,8826943496626;27406;50,1;10
"364";"Muskegon_April_rep1.fcs";15885,25;4111,38454969129;2559,51899335924;220,107887916886;42,4433985050132;24,9100792417761;18561;50,009;10
"365";"Muskegon_April_rep2.fcs";16194,97;4141,80548441665;2571,87565677084;200,936969613796;30,5212764535013;18,6442354650224;18216;50,079;10
"366";"Muskegon_April_rep3.fcs";15407,38;3994,15744361135;2477,10696446441;241,347805526222;63,9632826867444;41,4151889728432;18440;50,103;10
"367";"MUSOUTE1-epi-outlet-514_rep1.fcs";15053,08;3535,03759396317;2201,02176506312;196,968062837044;23,3310294556575;13,6169112449454;22585;50,146;10
"368";"MUSOUTE1-epi-outlet-514_rep2.fcs";15564,41;3616,52230827596;2234,01571285556;176,089915909028;23,3494403727967;14,5034671015288;23372;50,077;10
"369";"MUSOUTE1-epi-outlet-514_rep3.fcs";14667,53;3494,77598723183;2193,51362661844;160,400285586284;21,8773816154657;12,6100445375754;22894;50,044;10
"370";"MUSOUTH-hypo-outlet-514_rep1.fcs";14071,69;3479,49925017079;2236,34640096928;418,588771343606;89,2007193069322;52,8680628645494;12485;50,156;10
"371";"MUSOUTH-hypo-outlet-514_rep2.fcs";14742,17;3610,59447983381;2304,16054616127;213,628633451378;35,1730909254421;21,7282471608156;12414;50,173;10
"372";"MUSOUTH-hypo-outlet-514_rep3.fcs";14401,9;3560,60424303216;2276,7046037109;249,938517692377;43,5063150549714;26,5831012167314;12656;50,178;10
